client_id,name,city,tenant_id
1,Daniel Ryan,Michaelmouth,1
2,Robert Higgins,Riveraville,1
3,Nicole George,Victormouth,1
4,Hannah Wilson,New Loriside,1
5,Kyle Jackson,Ramoschester,1
6,Shannon Roberts,Millerhaven,1
7,Jane Gordon,Port Meganshire,1
8,Ernest Parker,Brentburgh,1
9,Heidi Martinez,North Amber,1
10,Beth Webb,Davisville,1
11,Veronica Johnson,New Robertton,1
12,Robert Bauer,East Matthew,1
13,Nicole Patel,Delacruzfurt,1
14,Joseph Young,New Charlesfort,1
15,Kimberly Brown,East Josephshire,1
16,Leah Miller,Robertchester,1
17,Patrick Stone,North Mary,1
18,Jessica Lowe,Melindaburgh,1
19,Amber Burns,Port Melissafort,1
20,Stephanie Aguirre,Lake Mark,1
21,Eric Roberts,Nguyenside,1
22,Julie Sloan,Timothyland,1
23,Paul Burns,Joelland,1
24,Sheila Boyd,North Calvinburgh,1
25,Robin Valencia,Nealborough,1
26,Tommy Henry,Port Natalie,1
27,Samuel Brooks,South Maria,1
28,Carolyn Garcia,Mariaborough,1
29,Kimberly Lee,Joshuaborough,1
30,Debra Adams,West Rachel,1
31,Hector Guzman,Greenchester,1
32,Ethan Novak,Stevenside,1
33,Raymond Simmons,South Benjaminbury,1
34,Nancy Brennan,Aaronbury,1
35,Kimberly Alvarez,Lake Austinmouth,1
36,Wayne Alexander,Jefferystad,1
37,Joseph Frank,Johnsonhaven,1
38,Edward Ford,Nicholsontown,1
39,Randall Gray,South Christopher,1
40,Danielle Chase,New Leroyville,1
41,John Bell,Port Michaelview,1
42,Christopher Clarke,South Whitneyview,1
43,Patricia Francis,Laurenfurt,1
44,Kathryn Hart,Port Johnhaven,1
45,Michelle Harper,Aliciastad,1
46,Samuel Harris,Pittmanport,1
47,Patrick Murillo,South Jacquelineland,1
48,Elizabeth Obrien,Valerieberg,1
49,Ashley Hill,East Juliemouth,1
50,Margaret Anderson,North Nathan,1
51,Kenneth Baker,Amandamouth,1
52,Cheryl Brown,New Michelle,1
53,Jennifer Snyder,North Kristopherberg,1
54,Nathan Hudson,Zacharytown,1
55,Linda Steele,Dominictown,1
56,Dustin Carpenter,Michaelland,1
57,Mr. Brian Jackson,New Christopher,1
58,Danielle Steele,Daltonland,1
59,Steven Sullivan,Port Andrea,1
60,Kevin Harris,North Kerry,1
61,Steven Rhodes,Foleyton,1
62,Jerry Fry,West Victor,1
63,Kristy Shaffer,Jasminehaven,1
64,Teresa Stone,New Kurtmouth,1
65,Elizabeth Becker,Lake Johnny,1
66,Amber Lewis,South Michaelville,1
67,Clayton Hutchinson,South Cole,1
68,Crystal Mcclure DVM,Lake Williamstad,1
69,Scott Martinez,Michelleburgh,1
70,Kevin Brady,Johnstonberg,1
71,Lindsey Santos,New Stephanie,1
72,Morgan Allen,West Michaelfurt,1
73,Tyler Bailey,Emilyport,1
74,Jim Clark,East Sherryview,1
75,Samantha Robertson,Jacobberg,1
76,Marc Roth,West Alex,1
77,Jason Montgomery MD,West Calebbury,1
78,Kyle Pace,Webstermouth,1
79,Miss Madison Coleman,Port Nicoletown,1
80,Jacob Bailey,East Luisshire,1
81,Melissa Garcia,East Edwardstad,1
82,Rachel Holloway,Millsport,1
83,Wanda Wood,East Chelseachester,1
84,Ernest Allen,West Judyhaven,1
85,Ashley Solomon,East Bethanystad,1
86,Christine Lopez,South Michaelborough,1
87,Michael Bennett,Carrollville,1
88,Stephen Pena,Lake Stephanieport,1
89,John Hernandez,Lake Sabrinaville,1
90,Jane Hurst,Kingside,1
91,Greg Berry,Port Heather,1
92,Michelle Hall,Hendersonburgh,1
93,Brian Whitehead,Christiemouth,1
94,David Berger,Lake Stephanieview,1
95,Evan Price,West Jennifer,1
96,Jeffrey Hernandez,Jonesview,1
97,Christine Allen,New Coreyhaven,1
98,Nicholas Lawrence,Oliverbury,1
99,Colleen Moreno,New Robert,1
100,Matthew Lopez,East Yvette,1
101,Stephanie Garcia DVM,Jacobshire,1
102,Sharon Mathews,Melindaborough,1
103,Valerie Anderson,Zimmermanberg,1
104,Michael Adams,Port Nicoleside,1
105,Kimberly Benson,Stephenburgh,1
106,Christopher Trujillo,Port Nicholas,1
107,Dana Giles,Port Scottland,1
108,Tina Russell,Kimberlyburgh,1
109,Kristin Riggs,Stevenville,1
110,Kristen Johnson,Mariafurt,1
111,Deborah Miller,Michaelmouth,1
112,Karl Ward,East Vincentmouth,1
113,Javier Copeland,Thompsonville,1
114,Howard Bernard,East Garyburgh,1
115,Adam Taylor,Port Thomas,1
116,Brittney Haas,East Donnaberg,1
117,Harold Richard,East Linda,1
118,Seth Vang,Lake Joseph,1
119,Kathy Elliott,Woodsside,1
120,Dr. Mason Figueroa,Christineville,1
121,Jennifer Hines,Kennedyview,1
122,Barry Flowers,Matthewtown,1
123,James Hernandez,Kathleenton,1
124,Virginia Webb,South Michael,1
125,Patricia Jones,Dianaport,1
126,Melissa Shaw,North Steven,1
127,Alexis Silva,North Stephen,1
128,Jennifer Anderson,South Melissa,1
129,Sylvia Conrad,East Lee,1
130,Renee Reyes,Wrightchester,1
131,William Hernandez,Chrisfurt,1
132,Reginald Walls,Katherineborough,1
133,Jacqueline Ferrell,Michaelchester,1
134,Daryl Griffin,West Robertberg,1
135,Richard Schmidt,West Sabrina,1
136,Taylor Medina,Matthewstad,1
137,Tiffany Houston,Cartertown,1
138,Joseph Ford,Stephaniemouth,1
139,Scott Hunter,Cynthiaport,1
140,Brittney White,Gregorymouth,1
141,Natasha Martin,New Timothyton,1
142,Randy Stone,Ryanstad,1
143,Brittany Hanson,South Rebeccatown,1
144,Julie Waters,Thomasfurt,1
145,Maria Mitchell,Scottchester,1
146,Diana Nelson,Michaelfort,1
147,Jamie Cochran,Josephhaven,1
148,Wayne Hansen,East Brittanyland,1
149,Wendy Taylor,Teresabury,1
150,Annette Rivera,Coryton,1
151,William Heath,Michaelland,1
152,Nicole Young,Hollandstad,1
153,Lisa Gutierrez,East Stacey,1
154,Edward Martin,Lake Derrick,1
155,Steven Medina,East Brittanyfurt,1
156,Emily Howell,North Johnside,1
157,Joseph Mccoy,Jonathanland,1
158,Greg Mclaughlin III,West Jennifer,1
159,Barbara Richardson MD,New Christopher,1
160,Teresa Bender,Lake William,1
161,Kimberly Lane,Rasmussenberg,1
162,Joseph Wilson,Andersonshire,1
163,Lydia Fisher,North Reneeside,1
164,Catherine Lee,Debraview,1
165,Timothy Garcia MD,Robertsshire,1
166,Kyle Stanley,West Annbury,1
167,Tracy Elliott,New Beverlyshire,1
168,Christine Payne,Carrieton,1
169,Patricia Wolf,Williamsland,1
170,Leslie Griffin,New Beckystad,1
171,Helen Gutierrez,Maloneborough,1
172,Debra Schultz,Rodriguezshire,1
173,Nicholas Collins,South Monicamouth,1
174,Zachary Price,New Troystad,1
175,Jesus Campbell DVM,New Robert,1
176,Michelle Williams,East Robertmouth,1
177,Christopher Smith,North Philipside,1
178,Stephanie Garcia,Kellyview,1
179,Timothy Cooper,Curryfort,1
180,Tonya Rodriguez,West Samantha,1
181,Carol Kramer,Port Yvonne,1
182,Taylor Lopez,North Michealside,1
183,Jessica Dougherty,Robertsonstad,1
184,Elizabeth Blackburn,New Nicholas,1
185,Kathryn Smith,Michaelfurt,1
186,Barry Phillips,Port Maria,1
187,Kim Hernandez,South Moniqueport,1
188,Charles Walker,East Dawnside,1
189,Keith Jenkins,Moralesstad,1
190,Jeffrey Melendez,Port Andrewburgh,1
191,Stephanie Hensley,Port Danielbury,1
192,Candice Wilson,Davidtown,1
193,Scott Edwards,Andrewmouth,1
194,Latasha Bowers,Rodriguezborough,1
195,Jonathan Santos,East Nathan,1
196,David Johnston,South Kellychester,1
197,Kaitlin Cohen,Frankside,1
198,James Mendoza,Lake Karen,1
199,Brian May,South Erica,1
200,Mrs. Amy Bernard,West Bradmouth,1
201,Luis Reyes,Blackhaven,1
202,James George,East Daniel,1
203,Amanda Hubbard,Campbellborough,1
204,Daniel Anderson,Rossborough,1
205,Clinton Romero,Lake Thomas,1
206,Allison Moon,West Johnchester,1
207,Shawn Hernandez,Sarahside,1
208,Jill Ryan,Port Keithton,1
209,Juan Hill,Toddburgh,1
210,Michael Thompson,Glennville,1
211,Angela Cooper,Ellisland,1
212,Daniel Walsh,North Melissaland,1
213,Cindy Jones,Hunterville,1
214,Cynthia Martin,Marktown,1
215,Sarah Lee,Hensleyport,1
216,Victoria Petersen,Moorechester,1
217,Margaret Mccoy,East John,1
218,Katelyn Flores,Kerrburgh,1
219,Kathryn Waters,West Jared,1
220,Mark Jimenez,New Alicia,1
221,Diane Gonzalez,Adamhaven,1
222,Joseph Farmer,Jessicaton,1
223,Samantha Lyons,Scottport,1
224,Patrick Joseph,South Stevenborough,1
225,Madeline Peters,Port Travisborough,1
226,Victor Boone,Joshuaview,1
227,Glenda Walker,Rubenberg,1
228,Kelly Skinner,Moranchester,1
229,Autumn Sanchez,Port Geoffreyview,1
230,Kelly Smith,New Michaelfort,1
231,Robert Rosario,Port Shawn,1
232,Heather Osborn,North Triciaview,1
233,Scott King,West Kendra,1
234,Debra Munoz,Saunderston,1
235,David Howard,Chanburgh,1
236,Amy Jensen,Phillipsmouth,1
237,Christopher Rice,New Matthew,1
238,Kathy Henderson,Yorkport,1
239,Lisa Cox,Amyton,1
240,Rachel Golden,New Dawnville,1
241,Tina Jackson,Watsonland,1
242,Kendra Ward,Rogersland,1
243,Ian Castro,South Markfurt,1
244,Michael Silva,Hamiltonland,1
245,Christina Martinez,South Renee,1
246,William Taylor,Emilytown,1
247,Keith Mcknight,Stevenfort,1
248,Charles Barnett,Michaelburgh,1
249,Matthew Sanchez,North Lisa,1
250,Arthur Jordan,East Nathanstad,1
251,Tracy Black,Aarontown,1
252,Mr. Ernest Cuevas,North Davidberg,1
253,Ashley Gutierrez,Lake Ashleyview,1
254,Daniel Brock,East Curtis,1
255,Philip Romero,Sophiabury,1
256,Monica Lewis,Watkinsville,1
257,Monique Bryant,Jessemouth,1
258,Heather Ruiz,Jasminehaven,1
259,Michael Adams,East Meghanport,1
260,Michael Moyer,North Amandashire,1
261,Ralph Jennings,Lake Bryan,1
262,Shawna Pham,New Heidi,1
263,Maria Schmidt,East Barbarachester,1
264,Zachary Lawrence,South Beckyberg,1
265,Timothy Grimes,Port Lauramouth,1
266,Lauren Hudson,Mckinneytown,1
267,Kimberly Estrada,Alanberg,1
268,Erica Carroll,Trevorberg,1
269,Anna Schmidt,Lake Ronaldchester,1
270,Jamie Huerta,Justinport,1
271,Margaret Adams,West Ryanborough,1
272,Rhonda Murray,Angelamouth,1
273,April Collins,New Joelburgh,1
274,Travis Cooper,South Amanda,1
275,Jeffery Bender,New Heatherburgh,1
276,Jennifer Rollins,Laurentown,1
277,Deborah Nelson,South Amandastad,1
278,Michelle Tucker,Port Marcus,1
279,Jordan Chase,Heathermouth,1
280,Richard Ware,Lake Nathanstad,1
281,Sarah Shah,Lovehaven,1
282,Olivia Martinez,Lake Kaylafurt,1
283,Kendra Butler,Obrienbury,1
284,Jane Livingston,Bakerview,1
285,Eric Sullivan,Port Jacobstad,1
286,Jason Patel,New Amy,1
287,Michael Brown,Port Javiermouth,1
288,Luke Doyle,South Dawnburgh,1
289,Erika Bryant,Port Melissa,1
290,Paul Martin,Port Melissa,1
291,Gregory Williams,North Lindseyside,1
292,Timothy Smith,North Brenda,1
293,Jacqueline Ochoa,East Michellemouth,1
294,Connor Rodriguez,Jonesfort,1
295,Joshua Moon,East Stevenfurt,1
296,Samuel Robinson,Roberthaven,1
297,Joshua Chapman,Mcdanielland,1
298,Rhonda Marquez,Leonardborough,1
299,Kimberly Jacobs,Meyermouth,1
300,Juan Williams,Monicaport,1
301,Andrew Lopez,Conradstad,1
302,Victor Owen,Robertsmouth,1
303,Chad Lopez,Rebeccatown,1
304,Jodi Gomez,Nicolestad,1
305,Timothy Fox MD,West Richardport,1
306,Lindsey Mendoza,North Robin,1
307,Brittany Lane,North Aprilport,1
308,Taylor Johnston,Port Sandraton,1
309,Adam Owens,Clarkbury,1
310,Ashley Duffy,Port Stephanieborough,1
311,Lauren Clark,North Derek,1
312,Christopher Webb,East Colleenshire,1
313,Wendy Reyes,Joseshire,1
314,Janet Hanson,New Raymond,1
315,Brandi Johnson,New Maryside,1
316,Adam Mendoza,Jamesborough,1
317,Ms. Amy Gomez,New Richardfort,1
318,Lee Tucker,West Anthonyton,1
319,Mark Ward,Andreaview,1
320,Rose Henry,Lake Justinfort,1
321,Christopher Orr,Tuckerfurt,1
322,Deborah Becker,Michaelton,1
323,Anthony Lawrence,South Beverlyville,1
324,Latasha Green,West Juliefort,1
325,Jennifer Turner,Bowmanfurt,1
326,Valerie Chavez,Jonesshire,1
327,Veronica Doyle,Brianburgh,1
328,Mr. Eric Anderson,South Abigail,1
329,Amanda Obrien,East Sarah,1
330,Marcus Huff,Port Marcus,1
331,Keith Craig,Hicksfort,1
332,Bryan Brown,Port Matthewshire,1
333,Dwayne Perez,North Davidfort,1
334,Maria Branch,West Kathleenmouth,1
335,Michael Blevins,Port Jamesland,1
336,Kevin Johnson,New Matthewport,1
337,Elizabeth Edwards,Barbaratown,1
338,Norman Melton,West Ashleyborough,1
339,Christine Patel,Corytown,1
340,Gary Morgan,Port Stephenmouth,1
341,Andrea Coffey,Simston,1
342,Melissa Mcknight,West Jennifer,1
343,Jeremy Munoz,Morganchester,1
344,Derek Price,Cindymouth,1
345,Shelly Owens,West Courtney,1
346,Mr. Bobby Mills,Burtonfurt,1
347,Alyssa Lee,East Mollyport,1
348,Daniel Jones,Cassandrashire,1
349,Alejandro Thompson,Garciatown,1
350,Terri Martinez,Ramosbury,1
351,Tina Russo,Jordanberg,1
352,James Paul,Dominiquefort,1
353,Sarah Cantu,Johnsonside,1
354,Erin Anderson,Andreaburgh,1
355,Tina Williams MD,Derrickmouth,1
356,Mark Smith,Douglasmouth,1
357,Jeremiah Marshall,Johnmouth,1
358,Cameron Barron,New Brandon,1
359,John Mejia,South Arthur,1
360,William Jones,Lake Sean,1
361,Marissa Lawrence,South James,1
362,Jessica Hill,East Heidi,1
363,Vanessa Coleman,South Zacharyland,1
364,Kristie Olson,Lake Zachary,1
365,Emma Ortiz,South Robertchester,1
366,Christopher Haynes,Veronicaton,1
367,Dr. Drew Woods DDS,Patrickview,1
368,Rodney Mckenzie,Alvarezshire,1
369,Vincent Tran,Vanessaburgh,1
370,Stephen Gonzalez,North Toddtown,1
371,Bridget Howell,North Antonio,1
372,Darren Smith,Port Ronald,1
373,Elizabeth Nixon,Walkermouth,1
374,Mr. Dale Collins,Port Richard,1
375,Steven Hall,South Jaredmouth,1
376,Erin Knight,North Richard,1
377,Stephanie Foster,New Jeanchester,1
378,Stephen Mckinney,East Kenneth,1
379,Shane Smith,Port Brandi,1
380,Justin Bray,Simonview,1
381,Lauren Barber,East Marieton,1
382,Loretta Mack,Kimberlymouth,1
383,Ryan Burke,Keithside,1
384,Jason Dennis,Andrewmouth,1
385,Sergio Hayes,Lake John,1
386,Sandra Sampson,Mendozaborough,1
387,Daniel Hart,South Tomborough,1
388,Ronald Higgins,South Deanna,1
389,Corey Ibarra,South Meganmouth,1
390,Kenneth Wilkerson,West Ericshire,1
391,Jason Meyer,Lake Brian,1
392,Matthew Hunter,Elizabethville,1
393,William Williams,Smithland,1
394,Sarah Pacheco,Youngtown,1
395,Stephen Stewart,North Jack,1
396,Jennifer Wu,West Codymouth,1
397,Jamie Cabrera,Lake Andrewville,1
398,Kimberly Chavez,Theodoretown,1
399,Roger Kennedy,Howardmouth,1
400,Lindsey Chambers,New Michelle,1
401,Jennifer Roy,Steventon,1
402,Angela Bates,Kristenmouth,1
403,Rhonda Newton,West Frederickhaven,1
404,Olivia Anthony,Ramirezton,1
405,Catherine Kaufman,Edwardsmouth,1
406,Eric Bush,New Benjamin,1
407,Seth Johnson,Tonyborough,1
408,Brandon Pena,Brownport,1
409,Barbara Sanchez,Haysmouth,1
410,Thomas Maxwell,Mirandafurt,1
411,Nicholas Ortiz,Johnfurt,1
412,Brandon Caldwell,South Lawrencemouth,1
413,Mitchell Castillo,West Jackport,1
414,David Crane,Thomashaven,1
415,Dr. Eric Massey Jr.,Williamsmouth,1
416,Zachary Chen,Lake Tanyafurt,1
417,Cory Allen,Mathewtown,1
418,Amy Wallace,West Anthony,1
419,Brian Perkins,Williamschester,1
420,Gary Conrad,New Kevin,1
421,Laura Henry,Elliottmouth,1
422,Cassandra Johnson,Port Lucas,1
423,Laura Small,Lake Johnborough,1
424,Alyssa Johnson,Gilbertburgh,1
425,Scott Ford,Lake Toddport,1
426,Samantha Lucas,Port Peter,1
427,Donald Goodman,Nicolestad,1
428,Shelley Roman,Lake Dennis,1
429,Michelle Hopkins,South Walterland,1
430,Mark Flores,Rebeccamouth,1
431,Mikayla Roberts,Lake Jamiechester,1
432,William Edwards,Lake Timothytown,1
433,Antonio Watson,Deborahland,1
434,Sarah Hammond,Flemingville,1
435,Shelly Martinez,Adamhaven,1
436,Mitchell Robinson,Kimchester,1
437,Gabriel Bullock,Weeksborough,1
438,Randall Carter,Walkerborough,1
439,Melissa Rogers,Craigfurt,1
440,Joseph Griffin,North Jessica,1
441,Daniel Martin,East Jerome,1
442,Derek Brown,Petersbury,1
443,Joe King,Taylorstad,1
444,Jennifer White,Perezfort,1
445,Ashley Burgess,Port Julia,1
446,Nicholas Johnston,South Oliviamouth,1
447,Andrea Pierce,Port Michael,1
448,Susan Fields,Port Kennethberg,1
449,Elizabeth Smith,Loganfort,1
450,Edward Richardson,Samanthaview,1
451,Ethan Ramirez,Jonathanborough,1
452,Christie Patton,North Catherineburgh,1
453,Laurie Hanson,Spencerside,1
454,Katie Sims,New Mark,1
455,Cynthia Robinson,Cummingsshire,1
456,Donna Chase,Lake Bonnieton,1
457,Sarah Conner,East Travis,1
458,Logan Pope,East Sean,1
459,Rachel Flores,Changberg,1
460,Brian Brown,Port Briantown,1
461,Valerie Velez,Amyton,1
462,Christine Edwards,Priceberg,1
463,Cheyenne Holland,North Jacob,1
464,Eric Turner,Donaldmouth,1
465,Thomas Brown,Colemanfurt,1
466,Melissa Cunningham,South Mirandaville,1
467,Gregory Andrews,Parkerside,1
468,Mark Key,East Cherylshire,1
469,Shane Williams,Bradchester,1
470,Courtney Young,Amyville,1
471,Thomas Johnson,West Mark,1
472,Dr. Tracy Hill,Port Daniel,1
473,Scott Acosta,Colinhaven,1
474,Joann Singh,North Tina,1
475,Linda Kelly,Port Caitlin,1
476,Randall Harris,East Carol,1
477,Rebecca Robertson DDS,Lake Markborough,1
478,Michael Morris,Johnland,1
479,Donna Tate,Cohenland,1
480,Karen Pham,Juanstad,1
481,Robert Goodwin,East Tylerstad,1
482,Melissa Shields,Rodriguezmouth,1
483,Cynthia Johnson,Nielsenmouth,1
484,Caroline Esparza,Armstrongmouth,1
485,Michele Cole,Clarenceshire,1
486,Jodi Smith,Johnmouth,1
487,James Stevens,Lake Sarah,1
488,Mandy Wilson,Jenniferfort,1
489,Deborah Camacho,Garciashire,1
490,Steve Hill,Lisaside,1
491,Rebecca Garcia,Kyleville,1
492,Scott Benjamin,South Kristin,1
493,Gerald Fisher,Lake Elizabethville,1
494,Rose Miller,Wendyland,1
495,Matthew Washington,Jenniferborough,1
496,Elizabeth Horne,Wilsonbury,1
497,Pamela Barrett,Port Alejandra,1
498,Erin Garrett,Mcdonaldfurt,1
499,David Terry,Bishopfurt,1
500,Arthur Parker,Karenside,1
