id,client_id,tenant_id,content,created_at
1,360,1,Check prepare trial street pick throw.,2025-04-07
2,275,1,Hard prevent no professional.,2025-08-01
3,227,1,Cut effect approach concern modern front for.,2025-06-30
4,297,1,Skill true page someone option rest skill.,2025-07-14
5,21,1,Full blue determine financial different suggest.,2025-04-29
6,43,1,Rule exist drive decision.,2025-06-01
7,162,1,Edge want mean table defense before land full.,2025-08-05
8,93,1,Onto brother better source.,2025-06-29
9,267,1,Military push lose yes its.,2025-10-10
10,272,1,Life important bad be common any chair.,2025-04-08
11,187,1,How number successful guess check that color owner.,2025-01-12
12,362,1,Phone product conference time.,2025-04-11
13,333,1,Pass specific nearly by bed.,2025-05-18
14,233,1,Service company thousand leave a upon relationship.,2025-02-18
15,380,1,Future always probably should word address.,2025-04-25
16,463,1,Government expect may near guy perform because.,2025-07-07
17,321,1,Relate pretty not white fire.,2025-09-26
18,302,1,Indeed development thought hospital feel choice.,2025-08-12
19,43,1,South impact reveal theory throughout.,2025-07-24
20,455,1,Establish join step process.,2025-10-02
21,292,1,Sometimes director gun source try hotel.,2025-07-11
22,47,1,Employee suddenly his everyone.,2025-01-09
23,379,1,Collection condition soldier him.,2025-10-13
24,361,1,Lay guess tree.,2025-07-23
25,228,1,Party point pick everybody usually environment weight too.,2025-04-21
26,229,1,Eye lose party because sister fear.,2025-04-13
27,138,1,Town edge west movie.,2025-06-24
28,38,1,Government rise street right responsibility have sing.,2025-02-28
29,24,1,Indeed hand huge none.,2025-09-16
30,178,1,Especially language expert full open.,2025-10-04
31,222,1,Heavy left deal local security hour.,2025-03-19
32,308,1,Leave move compare his myself provide sure.,2025-01-02
33,344,1,Thus hold same lawyer visit bill three expect.,2025-02-06
34,215,1,System article worry try senior minute.,2025-08-09
35,362,1,Election author offer whatever.,2025-03-24
36,131,1,Include since discuss school deal hour want.,2025-05-17
37,182,1,Three house southern become before bad.,2025-05-26
38,263,1,Production energy particular not billion better.,2025-05-29
39,439,1,Sit seat explain really.,2025-08-13
40,220,1,Sort figure care religious truth environment forget people.,2025-09-18
41,82,1,Myself commercial month price listen.,2025-05-26
42,458,1,Important pressure those have maintain him.,2025-09-14
43,418,1,True between their not surface consider.,2025-05-23
44,469,1,And way top think market grow indicate.,2025-09-15
45,135,1,Over hotel lose might eye.,2025-08-05
46,30,1,Middle letter fly us.,2025-05-21
47,321,1,Worker success thing follow say mind house arrive.,2025-06-09
48,452,1,Far time send quickly happy detail.,2025-06-13
49,312,1,Wide assume professional.,2025-06-22
50,22,1,Middle ball grow policy.,2025-07-12
51,439,1,Month close Mrs firm reveal.,2025-07-22
52,420,1,Now bring two bad outside lead car me.,2025-08-09
53,309,1,Affect maybe interesting sing some benefit medical.,2025-04-07
54,490,1,Word rather never.,2025-09-11
55,227,1,Center lead line worker perform front conference.,2025-02-01
56,435,1,Activity later inside ten discover certainly.,2025-09-28
57,103,1,White attention line war bag seven.,2025-08-19
58,347,1,Recognize main cover total.,2025-01-25
59,389,1,Indeed call we similar product think yes.,2025-07-26
60,307,1,Wish low key population interest expect side.,2025-03-14
61,496,1,Growth recent require subject until.,2025-08-09
62,278,1,Message pay foreign tax lead herself best.,2025-07-15
63,335,1,Option grow fire open reason.,2025-07-25
64,383,1,Discussion resource since either base here nothing.,2025-09-17
65,162,1,Group peace never audience help voice.,2025-06-12
66,363,1,White firm environmental sister consumer range party say.,2025-03-06
67,434,1,News audience report political later public.,2025-05-23
68,336,1,How your member impact include property.,2025-08-12
69,283,1,Fall past team two exist likely event.,2025-06-09
70,214,1,Parent environmental coach perhaps occur series.,2025-08-29
71,29,1,Key sea his ground fear memory.,2025-02-16
72,482,1,Gas card blood town table role him.,2025-07-29
73,428,1,More realize source claim skill body player.,2025-05-20
74,26,1,Last a policy assume kid.,2025-07-28
75,274,1,Road sense wonder process a.,2025-04-21
76,198,1,Watch region black.,2025-09-29
77,92,1,Themselves story reason record subject water impact.,2025-10-18
78,16,1,When much society role right.,2025-09-10
79,401,1,Record east while edge.,2025-04-10
80,209,1,Capital performance allow.,2025-05-28
81,325,1,Interview less outside kitchen second thought true share.,2025-04-26
82,122,1,Arrive side life maybe available affect indeed.,2025-01-17
83,220,1,Movement throughout common grow someone.,2025-06-08
84,304,1,Coach must for learn better.,2025-05-13
85,291,1,Institution avoid activity cover card.,2025-03-31
86,103,1,Almost religious last someone three room.,2025-01-11
87,192,1,Cold assume travel win likely a.,2025-09-05
88,238,1,Physical yeah address sign yet likely.,2025-08-05
89,38,1,Store any rather south hold interesting development.,2025-06-18
90,55,1,Memory create wall small total.,2025-02-18
91,182,1,Result land wind court just skin.,2025-08-05
92,408,1,Real into single organization in deal thing.,2025-09-18
93,473,1,Not without her teacher.,2025-06-27
94,401,1,Ahead trial create him conference marriage.,2025-04-19
95,146,1,Table plan citizen finally generation rule.,2025-10-12
96,312,1,Others little list claim cost measure national.,2025-03-03
97,58,1,But plant game admit do science human.,2025-04-14
98,290,1,Language forward new market.,2025-09-14
99,109,1,Begin television nature put total event.,2025-04-12
100,237,1,Player glass public education society may.,2025-06-13
101,125,1,Usually message officer class.,2025-02-11
102,497,1,Own treat anyone spend business.,2025-02-07
103,427,1,Develop onto strong.,2025-01-19
104,92,1,Represent another old note current.,2025-09-24
105,248,1,Whether wonder conference recognize listen success.,2025-04-14
106,170,1,Wear rate somebody fill various himself.,2025-09-19
107,286,1,Adult simple physical choice laugh word history.,2025-06-10
108,200,1,Down fire course career.,2025-08-17
109,283,1,Responsibility newspaper improve billion.,2025-10-11
110,227,1,Daughter hard change despite third wall turn.,2025-09-13
111,183,1,Stuff agree building answer discussion.,2025-09-27
112,426,1,Challenge management American soldier.,2025-01-10
113,468,1,Town simple history discussion item.,2025-08-31
114,260,1,Record reason consider suddenly.,2025-02-17
115,437,1,Personal exist particular expect.,2025-10-02
116,200,1,Customer civil series forward term else.,2025-09-01
117,263,1,Term impact old seek wish reality candidate.,2025-07-19
118,7,1,Significant decide short major offer care my floor.,2025-07-30
119,398,1,Yet than tell marriage.,2025-07-04
120,207,1,Recent increase former impact decide image bit.,2025-01-24
121,147,1,Spend kitchen style provide charge tell lay make.,2025-03-26
122,24,1,Ten reflect plan take.,2025-10-08
123,309,1,Make or time over though run as.,2025-08-01
124,199,1,Society training rate painting.,2025-04-20
125,173,1,Seem give American.,2025-04-24
126,427,1,Enjoy exist along figure indicate attack.,2025-07-16
127,52,1,Industry receive yes help against hit least.,2025-10-18
128,499,1,Wear parent usually feel kid eight.,2025-05-21
129,129,1,Through owner see choice production best son.,2025-07-01
130,145,1,Life tonight show enough show.,2025-07-25
131,459,1,Away society career less respond.,2025-05-01
132,421,1,Short seat long region claim short.,2025-08-20
133,431,1,Billion reach address art kitchen whose in.,2025-04-12
134,442,1,Job that subject true ready task imagine.,2025-09-22
135,214,1,Stay Congress nation author low.,2025-02-21
136,238,1,Three indeed senior play serve life project.,2025-09-04
137,164,1,Development network third level whatever kitchen out.,2025-10-11
138,232,1,Program practice create minute leg score.,2025-06-26
139,220,1,Own middle wait beautiful away rest later.,2025-01-28
140,80,1,Fact challenge out least government next.,2025-07-16
141,140,1,Finally while know serious.,2025-03-28
142,23,1,Hair student few audience federal feeling.,2025-06-11
143,69,1,Consider nice operation.,2025-01-08
144,150,1,Expect few go size dream plant interest.,2025-09-17
145,242,1,Look training article economic race.,2025-01-14
146,483,1,Special save type describe new.,2025-02-03
147,94,1,Brother level most health summer great through spring.,2025-10-10
148,208,1,Interview glass laugh along live while.,2025-03-22
149,435,1,Surface think music there difference often society deal.,2025-09-18
150,247,1,Cover north knowledge south ground research exist people.,2025-07-04
151,375,1,Before professional book feel Mr.,2025-02-09
152,60,1,Leg adult computer.,2025-05-03
153,355,1,Maintain food mission best around rate actually.,2025-07-05
154,377,1,Wall method world defense city physical.,2025-03-19
155,212,1,Else sign body song civil talk until.,2025-02-18
156,436,1,Boy war both find candidate president.,2025-07-07
157,482,1,Society wonder exactly very behind various.,2025-08-27
158,481,1,Family bar trade learn beyond wide travel.,2025-04-25
159,329,1,Very dark a.,2025-02-20
160,368,1,Strategy analysis magazine use worry.,2025-03-01
161,30,1,Property pass risk attention usually.,2025-04-28
162,364,1,Since various off project policy court party.,2025-06-06
163,113,1,Audience history medical very serve option top.,2025-01-25
164,196,1,Discover past seven whether everyone available brother.,2025-01-02
165,159,1,Scene store fund first debate health.,2025-07-11
166,123,1,As happy serious speak create management matter.,2025-04-26
167,325,1,Too deal fire series.,2025-03-17
168,245,1,Beyond certain remain south.,2025-03-19
169,492,1,Against buy often nor.,2025-06-19
170,398,1,Suffer her key seven church story.,2025-07-01
171,318,1,Though age window wife.,2025-04-25
172,75,1,Purpose reflect suggest kind travel quickly tell.,2025-09-06
173,412,1,Accept modern community.,2025-01-15
174,169,1,Tax thousand culture picture window always.,2025-01-15
175,42,1,Increase parent whether father social.,2025-06-05
176,188,1,Blue morning stop into occur military.,2025-01-31
177,322,1,Husband computer on near.,2025-06-05
178,178,1,Yes people federal financial care land amount ability.,2025-05-19
179,310,1,Respond ready letter economic.,2025-01-12
180,222,1,Parent face sea.,2025-04-27
181,285,1,Perhaps experience military talk so state.,2025-08-13
182,380,1,Also article new part pretty organization approach all.,2025-09-20
183,394,1,Measure similar think fall few investment take itself.,2025-06-03
184,222,1,Goal candidate indeed behavior cup.,2025-09-02
185,471,1,Shake choice seat energy reflect scene security.,2025-06-18
186,317,1,Year but gas group.,2025-09-05
187,128,1,Recently drop item.,2025-07-21
188,440,1,Put cover figure best take population.,2025-03-26
189,328,1,Wrong by step million staff mouth.,2025-02-05
190,448,1,Local reach decade hit.,2025-07-30
191,139,1,Make image traditional simple allow thank recently financial.,2025-04-24
192,197,1,Glass and yet civil summer one.,2025-02-16
193,449,1,Against very dog wrong individual once.,2025-04-07
194,215,1,Manage end suggest product life information.,2025-04-20
195,3,1,Always avoid wrong center apply focus drop.,2025-09-30
196,182,1,Southern politics could address natural.,2025-05-13
197,351,1,Let we outside American above difference dinner.,2025-02-28
198,308,1,Article probably about sit.,2025-07-30
199,463,1,Coach require according road blue.,2025-07-07
200,472,1,Money federal explain.,2025-10-07
201,285,1,Onto partner store bar month.,2025-07-25
202,226,1,Lot find great with mention every.,2025-01-29
203,185,1,Art or place them across feeling cold.,2025-09-20
204,233,1,Board somebody model parent bank.,2025-04-27
205,55,1,Plant simple provide economy rather Mr support top.,2025-01-24
206,57,1,About option spend employee that.,2025-07-27
207,128,1,No close deal deal especially thought.,2025-08-31
208,132,1,Reflect bank movie late.,2025-07-23
209,157,1,Hotel him card later forward though sign.,2025-02-14
210,434,1,Natural room what each.,2025-07-18
211,216,1,Entire lose morning whom since.,2025-02-04
212,19,1,Prevent create inside skill hour energy meet board.,2025-05-16
213,267,1,Weight operation six deal improve window specific.,2025-05-13
214,63,1,Identify market fly manager.,2025-01-19
215,189,1,Down whole defense begin debate two.,2025-07-10
216,50,1,Ok that fear benefit blood.,2025-03-08
217,34,1,The home picture itself.,2025-07-24
218,493,1,Stand now finally organization season always safe.,2025-05-10
219,24,1,Difference beyond factor meet against order it.,2025-05-27
220,478,1,Position whole threat magazine.,2025-05-17
221,486,1,Reach memory attorney despite.,2025-06-29
222,44,1,Treat create could several discover.,2025-09-23
223,280,1,Maybe play bad project view east finally.,2025-04-06
224,266,1,Month four institution art.,2025-04-15
225,297,1,Camera yourself fear model be.,2025-03-12
226,415,1,Consumer everybody opportunity eat.,2025-05-14
227,39,1,Beat place network officer huge.,2025-02-03
228,105,1,Rate central Mrs article song computer professor away.,2025-10-01
229,164,1,Without child maintain blood we.,2025-08-09
230,10,1,Control allow personal security.,2025-09-11
231,179,1,Skill call structure off.,2025-05-11
232,257,1,Suddenly accept peace hold meeting none building dark.,2025-09-02
233,105,1,Difference this between company eight hotel check.,2025-06-30
234,482,1,Picture process a.,2025-02-07
235,495,1,National address fine road sing western forget.,2025-07-06
236,299,1,Reach hundred foreign budget look guess sell.,2025-03-17
237,196,1,Have poor weight safe fund everybody write artist.,2025-05-25
238,46,1,Similar address both on school.,2025-08-19
239,213,1,Goal public worry difficult herself.,2025-08-16
240,375,1,Push firm answer news either few arrive follow.,2025-07-02
241,448,1,Way ready situation my night.,2025-07-09
242,286,1,Camera read nice reach.,2025-09-09
243,347,1,Practice your reality put cold put medical enjoy.,2025-07-01
244,60,1,Blue about present business full ask which.,2025-03-27
245,70,1,Federal when my part guy.,2025-06-28
246,393,1,General describe administration pretty thousand kind.,2025-08-27
247,241,1,Arm make major rate.,2025-03-10
248,456,1,Address spring certain seat determine image change.,2025-10-15
249,133,1,Cultural example toward.,2025-04-22
250,365,1,Place customer they resource.,2025-06-28
251,132,1,Range chair century what pick year maintain.,2025-10-05
252,336,1,Nearly goal wind camera customer hope.,2025-08-24
253,75,1,Form general pattern bed prevent operation people away.,2025-06-16
254,381,1,Probably simple soldier wear thing respond.,2025-01-24
255,187,1,Short others man well.,2025-07-18
256,20,1,Word around least sister field expert.,2025-03-13
257,204,1,Left relate less able marriage offer.,2025-05-31
258,45,1,Line however computer.,2025-03-09
259,472,1,Play forward they able.,2025-04-22
260,190,1,Guy probably pretty will finish hair.,2025-03-08
261,405,1,All together since investment across.,2025-03-07
262,362,1,Language social education morning everyone certain little.,2025-07-20
263,152,1,Assume big third particularly.,2025-09-25
264,79,1,Available interest campaign tax.,2025-02-05
265,73,1,Occur before spend could cause.,2025-05-23
266,451,1,Turn quality exactly gas.,2025-08-21
267,355,1,Feel herself student occur certain.,2025-09-16
268,344,1,Us sure lose.,2025-02-09
269,222,1,None join compare act.,2025-07-16
270,7,1,Personal television threat from feel final just.,2025-01-31
271,334,1,Or ago forget pay floor then.,2025-06-23
272,269,1,Piece fall hotel serious easy camera.,2025-07-24
273,83,1,Argue true yes.,2025-02-02
274,292,1,Serious support improve result defense become month.,2025-04-14
275,115,1,Physical bag present garden enough career.,2025-07-29
276,431,1,Type there there meet within big.,2025-05-10
277,327,1,Site need hotel Congress near customer.,2025-08-24
278,291,1,Better yet minute coach drop.,2025-06-20
279,264,1,Town baby career none.,2025-02-24
280,4,1,Region drop final exist allow theory he training.,2025-08-31
281,486,1,Reduce control too of which north hand.,2025-04-21
282,323,1,Situation movie time quite early.,2025-01-05
283,164,1,Book live natural always.,2025-08-27
284,98,1,Support according series they anything wrong model.,2025-01-18
285,338,1,Long foot idea knowledge accept might major.,2025-02-03
286,194,1,Action right author college color.,2025-03-01
287,267,1,Share director kind everyone.,2025-08-29
288,381,1,Water put far black develop for.,2025-02-27
289,135,1,Scientist either even responsibility myself.,2025-04-03
290,352,1,Share guy write loss.,2025-08-01
291,297,1,Alone such develop.,2025-05-31
292,443,1,Tv local individual.,2025-09-20
293,431,1,Imagine treat eye staff grow.,2025-07-31
294,384,1,Actually serve look kitchen.,2025-04-29
295,375,1,Feel to check share building.,2025-07-13
296,479,1,Ability actually receive support office agent.,2025-03-31
297,231,1,Behind indicate institution important.,2025-01-29
298,52,1,Image some either garden open husband.,2025-05-27
299,399,1,Quality trade wrong yourself truth peace.,2025-01-10
300,156,1,Teach evidence few instead safe table.,2025-03-28
301,188,1,Do none compare put born law apply.,2025-06-06
302,239,1,Whose plan work model amount clearly front baby.,2025-05-24
303,70,1,Nature then once office short.,2025-08-24
304,442,1,Rich word despite current magazine.,2025-02-02
305,433,1,Attorney most others industry.,2025-04-27
306,233,1,Indicate heavy office require up rest.,2025-09-23
307,454,1,Plan pay situation maintain question life never.,2025-02-24
308,368,1,Yes mission happen country current.,2025-03-30
309,373,1,Cause computer final federal hit claim.,2025-10-07
310,32,1,Us total rich middle individual lay read.,2025-04-17
311,350,1,Risk just pattern recent sport director trial purpose.,2025-05-02
312,178,1,Business nothing least room relationship.,2025-06-08
313,403,1,Experience by report more last budget born.,2025-08-15
314,235,1,Author likely site explain article must open there.,2025-04-05
315,440,1,Feel provide government fall himself poor.,2025-03-06
316,362,1,Product vote save everything quickly know.,2025-04-07
317,7,1,Entire value compare run.,2025-09-11
318,111,1,East type production single student fast rise.,2025-02-22
319,277,1,Than every too speak let reach fast.,2025-02-04
320,420,1,Professor trouble same not debate affect against.,2025-02-28
321,159,1,Wear radio home whether.,2025-09-10
322,129,1,Could present anyone his growth later song.,2025-08-11
323,46,1,Step every couple enjoy would manager generation.,2025-03-29
324,357,1,Property word support fact.,2025-09-28
325,354,1,Event medical produce value church style.,2025-04-29
326,84,1,Marriage doctor front individual.,2025-09-10
327,151,1,Continue hard resource.,2025-02-16
328,148,1,Company agree five watch mother.,2025-01-24
329,239,1,Hit Republican just its ball.,2025-05-18
330,144,1,Across director born during same see.,2025-05-21
331,195,1,Police let bed those.,2025-08-24
332,310,1,Others spring drop respond.,2025-04-03
333,108,1,Force first more well media when.,2025-05-31
334,128,1,Skill easy rather.,2025-05-23
335,435,1,Issue response top piece shake goal.,2025-05-08
336,489,1,Race camera bill goal change lead.,2025-07-10
337,458,1,Day quickly recognize because magazine box report.,2025-03-16
338,167,1,Week describe increase do.,2025-07-23
339,304,1,Bank account security.,2025-08-18
340,361,1,Available develop explain.,2025-10-14
341,408,1,Bring positive reason hospital upon degree identify before.,2025-01-28
342,278,1,Site response station according.,2025-06-19
343,250,1,Someone party on born history whole three.,2025-08-29
344,401,1,Money inside nor final.,2025-06-14
345,339,1,Him without focus approach structure adult open.,2025-09-20
346,140,1,Hundred material down research indicate growth watch thank.,2025-05-21
347,89,1,Understand executive win shoulder.,2025-02-15
348,379,1,Production TV although collection level.,2025-08-19
349,232,1,Instead water run memory.,2025-08-23
350,59,1,Agent once home time.,2025-06-03
351,411,1,Final north become moment for.,2025-09-16
352,112,1,Public war letter improve career pull city.,2025-08-12
353,457,1,Knowledge challenge treatment act play paper.,2025-06-29
354,411,1,Address under for time black.,2025-02-07
355,102,1,Network large eat race.,2025-03-26
356,74,1,Suffer voice whether.,2025-07-26
357,144,1,Where write stand same.,2025-04-14
358,46,1,Cause discover modern nothing social about already.,2025-03-06
359,409,1,Glass early collection year window we whole high.,2025-03-04
360,42,1,Fire former onto memory put deal.,2025-01-01
361,89,1,Cause college much husband both begin history.,2025-01-30
362,310,1,Concern citizen seek pull partner answer.,2025-03-01
363,104,1,Born camera though public rock arrive describe.,2025-10-09
364,380,1,Decision society inside decision moment ahead.,2025-06-07
365,302,1,Take I prove against.,2025-04-24
366,383,1,Size next network father.,2025-02-12
367,61,1,College home hit miss.,2025-06-05
368,202,1,Ago shoulder president financial serious expert financial.,2025-07-01
369,162,1,My cut plan whose different table strategy.,2025-07-05
370,395,1,Feel agree industry way great draw outside once.,2025-06-17
371,255,1,Under animal what feel set hour now.,2025-01-01
372,363,1,Too turn its.,2025-08-27
373,387,1,During person hair president career alone think.,2025-08-30
374,450,1,Health who us quite also.,2025-05-14
375,37,1,Six material five this vote medical more.,2025-06-09
376,238,1,Low own clear skin structure defense.,2025-08-29
377,39,1,Whole cause senior discussion year difference.,2025-09-25
378,383,1,Gun special relate.,2025-08-19
379,20,1,Million loss impact area.,2025-08-20
380,468,1,Tell across sell for term trial weight.,2025-06-05
381,65,1,Son few enter.,2025-04-23
382,48,1,Identify might or adult performance future inside poor.,2025-01-02
383,176,1,Coach great garden politics same believe human.,2025-09-24
384,488,1,Cover not speak contain easy.,2025-04-19
385,467,1,Hope over life miss.,2025-03-24
386,379,1,Maybe well third note nor able wear.,2025-02-07
387,466,1,Pattern letter happen Congress maintain.,2025-10-05
388,381,1,Available of tree herself.,2025-07-13
389,410,1,Loss culture officer I star sea.,2025-08-14
390,463,1,Trial individual stay service hundred these model.,2025-08-03
391,133,1,Choose him goal.,2025-06-17
392,39,1,Specific right week option break mean money.,2025-04-05
393,220,1,Notice class player win artist.,2025-02-18
394,232,1,Throw capital hope society.,2025-04-11
395,438,1,Assume bad employee explain.,2025-07-19
396,499,1,We relationship decade both support.,2025-08-04
397,404,1,Anyone policy process development whole however.,2025-02-23
398,444,1,Between drug week represent office white not.,2025-05-17
399,106,1,Few among final into nature a.,2025-08-17
400,133,1,Money throughout attention herself school machine reality.,2025-06-19
401,425,1,Itself bag step.,2025-05-31
402,479,1,New good industry question physical get family.,2025-01-28
403,342,1,Can last exactly site.,2025-10-14
404,414,1,Up officer fill list style industry.,2025-01-07
405,177,1,Face determine role hair.,2025-03-19
406,147,1,Address class charge feeling deep may.,2025-03-02
407,269,1,Serious hotel population focus relationship plan far above.,2025-09-06
408,123,1,Teach inside into total song appear.,2025-08-11
409,188,1,Product practice heavy seem prepare answer.,2025-07-03
410,270,1,Woman simple able gas fact.,2025-07-15
411,183,1,Commercial adult base drop.,2025-06-26
412,395,1,Protect concern model.,2025-08-04
413,285,1,Grow customer situation material same.,2025-03-28
414,99,1,Between medical executive.,2025-07-09
415,370,1,Record around become somebody enjoy early hair.,2025-09-13
416,176,1,Language leave evening remember collection leave bar theory.,2025-03-31
417,291,1,Hold before movie.,2025-09-05
418,41,1,Suggest hospital around TV station project read success.,2025-06-04
419,427,1,Stop think indeed whatever each early.,2025-08-06
420,112,1,Former machine speech suggest during really style win.,2025-07-07
421,357,1,Idea many the wrong blood around that.,2025-06-06
422,2,1,Quality mother approach partner her themselves.,2025-04-07
423,376,1,Community race data indicate then.,2025-04-07
424,209,1,Plan movement institution east together something.,2025-04-11
425,154,1,Significant world pass above board four learn.,2025-01-20
426,340,1,Imagine nation everything thus when.,2025-02-04
427,273,1,Chair issue own themselves.,2025-04-22
428,249,1,Project might player.,2025-03-13
429,336,1,Exist medical likely scientist into.,2025-02-14
430,163,1,Identify game yeah eat.,2025-05-27
431,252,1,Pressure word hotel may wish different hot treat.,2025-01-03
432,483,1,Scientist I bill.,2025-02-03
433,39,1,Sometimes relationship social response degree visit item early.,2025-08-25
434,188,1,Four within but reflect better.,2025-09-01
435,224,1,None treatment accept need heart soon organization bag.,2025-02-10
436,221,1,Describe weight year set.,2025-05-15
437,242,1,Minute north tax ball.,2025-10-13
438,68,1,Understand politics assume ever executive return media.,2025-01-27
439,164,1,Simply together scientist happy live.,2025-04-03
440,37,1,Total good with law gun week.,2025-10-15
441,432,1,Dream no church result.,2025-05-10
442,81,1,Investment indicate carry agree reach themselves.,2025-08-05
443,151,1,Then truth area herself write leader.,2025-02-19
444,489,1,Practice final others quality or.,2025-07-27
445,3,1,Argue factor store today.,2025-02-08
446,49,1,Senior marriage age prepare group poor blood.,2025-03-26
447,134,1,Speech per edge help however hundred.,2025-04-19
448,284,1,Effect prove sister discussion.,2025-06-22
449,349,1,Technology happy until edge.,2025-01-21
450,125,1,Tell true why reduce.,2025-03-18
451,114,1,Lawyer subject rule item notice.,2025-01-11
452,119,1,Too ball energy education difficult choose natural.,2025-09-11
453,241,1,Responsibility agree dinner together important check.,2025-01-18
454,248,1,Real military deal level.,2025-04-24
455,104,1,Them claim me place measure.,2025-05-29
456,432,1,Become follow western charge together.,2025-09-20
457,178,1,Financial even sing life form.,2025-01-16
458,385,1,Challenge them people explain wonder you.,2025-10-04
459,133,1,Medical thousand hundred fear voice personal fill.,2025-02-18
460,155,1,Case skill boy air group show school.,2025-04-26
461,296,1,Cup identify whose tough imagine game center.,2025-08-01
462,156,1,Force speech evidence opportunity town size treatment.,2025-08-12
463,331,1,Letter final large bit direction agency house instead.,2025-09-30
464,324,1,Tax into shake reach do red half staff.,2025-05-17
465,3,1,Eye enter tell rich nor green.,2025-03-07
466,414,1,Where part assume world fish know popular.,2025-03-03
467,184,1,Feeling according enjoy describe.,2025-03-11
468,80,1,Leave religious ago baby.,2025-05-05
469,18,1,Detail civil defense step out whose.,2025-07-18
470,432,1,Develop statement too despite show.,2025-08-29
471,386,1,Assume manage everybody.,2025-02-03
472,382,1,Because truth yet.,2025-06-27
473,410,1,Catch theory to crime.,2025-03-28
474,283,1,Understand carry sing range.,2025-08-14
475,119,1,Yard catch pattern Congress.,2025-01-31
476,370,1,Fear through together worker some call.,2025-09-12
477,2,1,Machine people explain.,2025-06-24
478,158,1,Weight foot wear.,2025-09-01
479,275,1,Cost item camera moment environment cup stage.,2025-02-07
480,37,1,Heavy cost talk his.,2025-02-13
481,202,1,Who street industry eat might operation girl.,2025-04-06
482,500,1,Human it become doctor low type start.,2025-06-21
483,238,1,Describe anyone heavy debate high.,2025-08-11
484,70,1,Opportunity high stuff box serve your majority.,2025-05-11
485,329,1,Choice line page upon.,2025-04-28
486,397,1,Win animal manager activity.,2025-01-23
487,41,1,Animal site specific.,2025-04-18
488,169,1,The section drop perform.,2025-03-30
489,423,1,Strong chair alone them.,2025-03-17
490,282,1,Property thus structure life anyone type.,2025-03-02
491,45,1,Again energy customer later cold participant.,2025-06-25
492,172,1,Smile nature what week customer do.,2025-02-16
493,146,1,Compare bag important idea.,2025-07-12
494,277,1,Top approach common camera occur create.,2025-05-03
495,234,1,Painting sometimes remember practice turn type program.,2025-09-19
496,242,1,Improve street understand lot.,2025-08-08
497,396,1,Spring light least friend always north Mrs finally.,2025-05-28
498,248,1,Fly institution develop term.,2025-08-29
499,105,1,Would close career team catch television operation pay.,2025-07-22
500,300,1,Day business quickly knowledge success condition marriage.,2025-06-04
501,186,1,Nearly ability board throw four.,2025-07-21
502,305,1,School free meeting wish PM anything sing.,2025-06-05
503,118,1,Bad western space peace evening.,2025-04-29
504,110,1,Save these every guess debate one else.,2025-05-13
505,32,1,Peace various alone pretty letter prepare.,2025-02-26
506,388,1,Property require head standard president difference leader.,2025-03-26
507,181,1,Enjoy sound score budget they.,2025-05-05
508,27,1,Election race very wind.,2025-04-29
509,322,1,Buy performance heavy threat laugh seek whether.,2025-01-26
510,56,1,Peace whole lead should.,2025-02-27
511,191,1,How pretty human structure cover.,2025-09-04
512,56,1,System region watch hope song stuff how education.,2025-05-08
513,374,1,Forward bed example plan my.,2025-05-13
514,13,1,Policy life we argue behavior ahead speech treat.,2025-05-25
515,176,1,Will south give room.,2025-04-20
516,44,1,Summer course people back head move.,2025-07-14
517,257,1,Arrive without imagine charge.,2025-04-05
518,62,1,Chance player form people toward easy leader.,2025-05-20
519,140,1,Technology impact let garden four fact.,2025-07-03
520,361,1,Eat out officer who alone throw.,2025-03-19
521,77,1,Pull store kind beyond.,2025-10-03
522,49,1,Some here something language lead audience do.,2025-02-16
523,267,1,Season meet well measure check wrong bed.,2025-05-31
524,415,1,Involve very area seat local.,2025-09-18
525,35,1,Above teach yourself over weight.,2025-09-30
526,386,1,First part grow run past watch.,2025-05-07
527,157,1,See huge could out almost issue.,2025-02-13
528,81,1,Bill dinner different rise house painting source interesting.,2025-02-27
529,331,1,Movie defense address too consider.,2025-07-21
530,110,1,Born ask goal.,2025-06-16
531,442,1,Wall walk market really series.,2025-05-07
532,400,1,Site significant the.,2025-01-09
533,104,1,Involve imagine very leave head.,2025-05-06
534,12,1,Effect commercial baby money.,2025-09-08
535,73,1,After site well too into Congress end firm.,2025-01-02
536,1,1,Education laugh difficult such soldier think.,2025-02-28
537,89,1,Cultural herself center church rise learn.,2025-10-01
538,175,1,Plan nice interest customer must society how.,2025-09-30
539,50,1,Early movement forget.,2025-01-23
540,142,1,Service task big national hotel.,2025-07-14
541,29,1,May clearly protect card seven here.,2025-02-13
542,137,1,Population recent east Congress window.,2025-07-22
543,109,1,Goal should though budget both.,2025-03-03
544,19,1,Especially without agree single.,2025-04-15
545,247,1,Only wind exactly race surface court instead.,2025-07-09
546,61,1,Artist tend partner television.,2025-08-07
547,230,1,While go boy Republican place mean.,2025-09-12
548,193,1,Miss media camera majority eat past kitchen.,2025-04-29
549,364,1,Democratic local particular participant.,2025-06-09
550,435,1,Maybe art class past long.,2025-09-20
551,49,1,Left develop hotel region year thought mother.,2025-06-04
552,489,1,Truth itself economy democratic sometimes newspaper.,2025-09-24
553,59,1,Owner current reduce bar.,2025-03-08
554,428,1,Official ground a herself security this church.,2025-07-02
555,264,1,Ahead simple camera.,2025-07-26
556,277,1,Radio national popular if clearly throw.,2025-03-30
557,77,1,For for partner land explain PM.,2025-02-20
558,265,1,Challenge arrive service stock another door.,2025-02-18
559,454,1,Identify message between draw.,2025-04-10
560,297,1,Specific term consumer field such attention method kid.,2025-04-16
561,397,1,They energy phone box model magazine paper feeling.,2025-06-11
562,233,1,Various me professor soldier action somebody family.,2025-10-17
563,2,1,Record health way require.,2025-04-12
564,293,1,Watch story west maybe seat.,2025-03-17
565,157,1,Girl environment maybe of.,2025-06-07
566,411,1,Blood help radio.,2025-06-10
567,347,1,Performance run prove prevent herself response list total.,2025-01-15
568,472,1,Camera late store hear well forget daughter adult.,2025-03-30
569,95,1,Unit that child follow produce.,2025-08-12
570,266,1,Air staff glass among politics next.,2025-07-11
571,41,1,Into point decade while recognize probably likely.,2025-02-16
572,335,1,May skin successful institution firm whether everything nation.,2025-03-01
573,215,1,Coach ahead central appear lose meet.,2025-06-07
574,100,1,Raise apply country team.,2025-08-13
575,88,1,Manager able nor movie later join.,2025-03-30
576,240,1,Task form management our later collection.,2025-04-05
577,62,1,Thousand along strong employee.,2025-07-06
578,154,1,Tell save thousand sit rise interesting.,2025-03-11
579,293,1,This occur federal because history modern.,2025-04-12
580,269,1,Form east see rise some his without.,2025-06-29
581,244,1,Program image military onto.,2025-03-10
582,280,1,Fall forward read stuff guy.,2025-06-06
583,496,1,Soldier behavior student team defense matter word.,2025-09-20
584,260,1,Name even year focus author while.,2025-01-16
585,274,1,Six form that so music significant.,2025-02-07
586,245,1,Hand exactly according could resource process fire.,2025-06-02
587,272,1,Growth when every once affect us.,2025-08-30
588,474,1,School reduce chance.,2025-07-26
589,481,1,Feel number still meet carry.,2025-08-28
590,327,1,Newspaper tough order me standard gas another.,2025-04-25
591,170,1,Four situation group father budget science say.,2025-05-23
592,75,1,Teacher visit difficult him than set throw.,2025-07-06
593,13,1,Throw mean security very follow.,2025-07-09
594,3,1,Fall voice trouble doctor possible war.,2025-08-31
595,139,1,Attention PM see new simple.,2025-01-02
596,16,1,Live help son.,2025-02-03
597,333,1,Serious bit later serious.,2025-03-24
598,165,1,Window writer attorney.,2025-04-11
599,163,1,Woman chair your learn unit view policy.,2025-04-11
600,259,1,Tax plant series big shoulder while.,2025-04-21
601,445,1,Bank even change seek beat.,2025-02-21
602,328,1,Research system ok nature forward.,2025-01-01
603,399,1,Such often ball worry around fall return become.,2025-07-06
604,472,1,Impact authority exist apply scene career little.,2025-07-22
605,266,1,Seat bar west training citizen.,2025-07-03
606,422,1,Remember budget skill road out always thus.,2025-01-21
607,81,1,Relationship issue police street citizen despite father matter.,2025-02-28
608,432,1,During as people rich eight.,2025-03-15
609,112,1,Amount picture measure school establish military course.,2025-04-23
610,250,1,Tell wonder analysis.,2025-10-13
611,227,1,Class can drive include machine.,2025-08-05
612,67,1,Dinner at finally glass certainly certain concern.,2025-09-29
613,450,1,Half shoulder if office listen political.,2025-10-05
614,246,1,Knowledge term spring trip expert.,2025-01-23
615,494,1,Standard be thousand bit often.,2025-06-07
616,172,1,Too woman artist see plant ask under.,2025-06-07
617,295,1,Leave choose grow remain short.,2025-10-04
618,142,1,Man south first hold.,2025-05-30
619,209,1,Reality happy his church.,2025-06-30
620,225,1,Subject general play even throughout ahead daughter.,2025-01-26
621,164,1,Four them Republican goal.,2025-08-28
622,253,1,Star magazine important author.,2025-08-24
623,384,1,Thank maybe peace.,2025-06-21
624,228,1,City check health reality.,2025-03-12
625,364,1,Ago water chance check staff matter account.,2025-04-25
626,7,1,Camera blue deep none produce.,2025-06-10
627,229,1,Magazine accept range college speech.,2025-07-22
628,10,1,Surface role mouth pay contain view floor.,2025-09-27
629,464,1,If traditional available shoulder senior hospital.,2025-02-28
630,492,1,Hospital wonder meet perhaps sport must practice boy.,2025-09-29
631,4,1,Plan charge fish forget put Congress think.,2025-09-08
632,308,1,Mother fly player over recent pick.,2025-09-23
633,299,1,Man kitchen ever assume in.,2025-03-07
634,200,1,Hospital church camera wife edge good identify.,2025-02-12
635,53,1,Hot you mother step manager write.,2025-10-12
636,491,1,Return adult medical sound partner building measure.,2025-07-14
637,167,1,Suffer accept some benefit pass reach.,2025-06-15
638,323,1,Stop husband water establish analysis difference industry.,2025-09-02
639,427,1,To drive any enjoy.,2025-05-10
640,440,1,Note thousand story case impact man.,2025-08-20
641,362,1,Young another I relationship degree us.,2025-02-10
642,453,1,Per ten house.,2025-04-28
643,319,1,Return successful cold focus some according.,2025-02-09
644,371,1,Form young event.,2025-07-20
645,106,1,Else international way agree enjoy indeed.,2025-05-01
646,402,1,Doctor teach small.,2025-02-12
647,354,1,Know night kitchen anything guy member.,2025-08-05
648,474,1,Happy available which draw leg successful final.,2025-07-09
649,4,1,Ever attack early include traditional always take.,2025-02-12
650,126,1,All recent court south on.,2025-02-27
651,306,1,Reveal letter experience sister wrong there home room.,2025-05-12
652,453,1,Fight size you act be.,2025-03-16
653,4,1,Television office because condition field yourself night.,2025-06-07
654,366,1,Month get family light amount number girl.,2025-04-08
655,179,1,Raise region society source would attack.,2025-03-03
656,359,1,Court entire follow.,2025-06-15
657,492,1,Entire information suggest imagine part until of.,2025-04-30
658,450,1,On old receive example affect.,2025-07-16
659,165,1,Bag still official.,2025-05-29
660,314,1,Last against day strong describe write although.,2025-09-09
661,341,1,Draw heavy stand before.,2025-06-06
662,252,1,Mind manage forward eight.,2025-06-13
663,362,1,Put morning chance thus.,2025-04-09
664,430,1,Hear music able dream design.,2025-01-06
665,450,1,Behind determine whatever suffer.,2025-01-05
666,117,1,Call message government help Mrs.,2025-08-23
667,69,1,Across special lot add represent true speech.,2025-08-13
668,390,1,Charge ahead why against according allow.,2025-08-04
669,272,1,Movie performance draw find study.,2025-08-13
670,71,1,Surface suffer occur risk occur unit.,2025-01-01
671,325,1,Certainly everything decision wonder play feel reach long.,2025-01-06
672,227,1,Which news book physical involve song meet former.,2025-07-28
673,164,1,President true field perhaps meet generation radio.,2025-06-29
674,177,1,Research can conference sell others region.,2025-04-20
675,327,1,West right big one thousand role top.,2025-04-28
676,104,1,Now foreign he police environment room.,2025-08-13
677,499,1,Number bed create scene scientist health.,2025-08-14
678,417,1,Write fund likely likely.,2025-06-11
679,215,1,Itself nice reality administration minute fine measure.,2025-07-22
680,300,1,Although international consider season produce.,2025-01-28
681,287,1,Business edge want.,2025-08-14
682,6,1,Bag term music class city impact.,2025-07-22
683,237,1,Add almost might forget until just popular.,2025-09-10
684,334,1,Bad ground back.,2025-10-15
685,100,1,Serious especially property one.,2025-01-27
686,193,1,Enjoy else catch environment never maintain something.,2025-04-12
687,309,1,Pass subject can build us trial.,2025-07-23
688,203,1,Hard begin start candidate prepare.,2025-03-15
689,148,1,Bed ability history education suffer bed we.,2025-07-12
690,468,1,You little line family beat manage price.,2025-07-08
691,138,1,Condition trial American statement.,2025-07-16
692,37,1,Natural word painting I Democrat.,2025-05-16
693,64,1,Design identify your world number nor.,2025-07-27
694,47,1,Left day father.,2025-10-13
695,281,1,Character him under owner.,2025-04-30
696,403,1,Continue answer movie perhaps process certainly off information.,2025-05-03
697,316,1,Floor design car hospital second specific.,2025-01-22
698,18,1,Nor professor firm base.,2025-03-05
699,369,1,During last serve yeah skill.,2025-05-19
700,473,1,People down wind wrong fund.,2025-05-25
701,472,1,Little summer war tree standard any group.,2025-09-05
702,82,1,Market shake opportunity health exactly would.,2025-03-17
703,416,1,Data increase knowledge with anyone.,2025-05-12
704,37,1,Herself area somebody finish hour act important single.,2025-07-10
705,497,1,Task international site.,2025-01-28
706,415,1,Specific size create family true.,2025-05-05
707,84,1,Quite agreement its boy.,2025-03-25
708,465,1,Fish dinner property ball only daughter structure.,2025-02-08
709,89,1,Analysis simple total American lay rise leg.,2025-05-24
710,176,1,Try produce region think.,2025-08-14
711,400,1,Brother hotel common entire maybe.,2025-08-19
712,194,1,Small company read only.,2025-02-12
713,406,1,East movement international become minute appear.,2025-08-27
714,315,1,Along billion similar stage foot.,2025-06-06
715,29,1,Democratic type where development man.,2025-06-13
716,227,1,Sea tough green ahead provide piece bar serious.,2025-08-13
717,411,1,Nation lay training provide candidate.,2025-03-02
718,186,1,Magazine fast value later.,2025-05-23
719,285,1,Sit teach own enter away around compare.,2025-03-31
720,70,1,Foot from quickly rock behind left during lot.,2025-08-11
721,172,1,Consumer data sort different condition event yet.,2025-07-16
722,303,1,Value remain technology word production.,2025-09-18
723,397,1,Raise degree quickly tell get beyond.,2025-03-17
724,68,1,Sure trip building site receive rule.,2025-01-11
725,421,1,Social school control recent keep hold.,2025-06-11
726,64,1,Present letter member.,2025-06-09
727,303,1,Long remain say across bed attention.,2025-10-07
728,401,1,Hotel doctor second drive serious yes.,2025-08-01
729,340,1,Order morning number middle.,2025-01-05
730,130,1,Draw least suffer arrive public others.,2025-02-04
731,270,1,Another movie population especially strong.,2025-01-25
732,497,1,Threat hospital myself their trouble use soldier.,2025-06-03
733,42,1,Assume challenge each of above strong.,2025-04-08
734,148,1,Reach themselves man actually across.,2025-01-04
735,297,1,Arrive even something approach.,2025-02-02
736,377,1,Whether result more bed however forward.,2025-04-15
737,474,1,Down without their apply building money.,2025-10-17
738,159,1,Career benefit great.,2025-08-18
739,45,1,Goal particular message quality marriage science.,2025-02-03
740,422,1,Pick business peace matter.,2025-07-01
741,40,1,Particularly Republican difficult unit around glass available doctor.,2025-03-09
742,156,1,He computer appear media dark view.,2025-05-18
743,483,1,Commercial pretty scene expect.,2025-06-17
744,329,1,Sport drug detail especially room light.,2025-04-18
745,8,1,Paper another wrong talk yes suffer.,2025-09-18
746,154,1,Edge style outside financial model pick.,2025-02-22
747,69,1,Form win idea today attack when.,2025-09-25
748,83,1,Public practice best here indicate.,2025-05-09
749,310,1,Former friend central well.,2025-05-29
750,466,1,Claim south similar recognize product future international keep.,2025-02-24
751,448,1,Where issue while food.,2025-05-03
752,153,1,Suffer indicate chair sea cultural down note talk.,2025-04-19
753,479,1,History Mr live century.,2025-07-04
754,289,1,Clearly floor blood occur hit.,2025-06-24
755,19,1,A surface almost forget soon.,2025-07-28
756,156,1,Director writer ten stay such Congress child.,2025-04-30
757,100,1,Mr leg who serious final attorney.,2025-07-30
758,104,1,Night how interview environmental admit defense.,2025-08-24
759,126,1,He political protect important.,2025-06-11
760,40,1,Church similar international hospital.,2025-07-04
761,287,1,Edge serious heavy opportunity either catch.,2025-01-27
762,282,1,Maybe generation away next stuff.,2025-09-21
763,158,1,Along drug home week early or.,2025-10-12
764,36,1,Society without so building west computer image.,2025-06-20
765,241,1,Clear central article option least rock.,2025-08-04
766,79,1,Community positive factor choose.,2025-05-17
767,47,1,Door including cell this.,2025-06-28
768,321,1,Themselves wide begin line care put politics team.,2025-03-17
769,131,1,Medical family star nature mother last.,2025-08-11
770,148,1,Speak bank under at herself marriage.,2025-09-23
771,272,1,Result political exactly network almost economic.,2025-07-26
772,55,1,Care strategy adult certainly staff.,2025-08-26
773,176,1,Or least section job.,2025-06-29
774,143,1,Themselves moment reflect budget today.,2025-06-11
775,141,1,Require tell surface loss southern myself guess.,2025-07-04
776,167,1,Likely face important hand offer manage raise money.,2025-03-01
777,345,1,Field talk pressure difference.,2025-05-09
778,257,1,Pretty family perhaps out size.,2025-10-03
779,239,1,Clear time here different else process play while.,2025-06-29
780,442,1,Short bring cause television.,2025-08-21
781,1,1,Husband series modern.,2025-06-15
782,343,1,Consumer let stuff trip.,2025-06-22
783,279,1,Job field head most.,2025-07-15
784,441,1,Close impact rather try talk alone.,2025-04-01
785,221,1,This lay kind store clearly TV.,2025-05-02
786,179,1,Direction stuff will industry trade.,2025-04-08
787,436,1,Call now might fine control contain toward thus.,2025-03-02
788,55,1,Writer case figure go author fall these option.,2025-10-01
789,188,1,Most yet speech cut respond exist.,2025-03-02
790,368,1,Ago green effort strong quality claim follow.,2025-04-07
791,60,1,Too character late significant probably accept day.,2025-10-07
792,388,1,Base body me sort happen under high.,2025-09-13
793,108,1,Small city Mrs social what what detail.,2025-07-25
794,470,1,Keep their probably official film ability goal.,2025-07-24
795,398,1,Range network day avoid help cold.,2025-05-03
796,254,1,Language instead suddenly organization far.,2025-02-20
797,341,1,Also wonder better them night.,2025-04-03
798,447,1,Main opportunity through individual technology yeah.,2025-07-25
799,119,1,Notice chance treatment pretty way moment national while.,2025-04-15
800,221,1,Deep read talk.,2025-07-23
801,9,1,American parent tend group green floor have.,2025-01-13
802,74,1,Treatment personal just about himself perhaps.,2025-06-10
803,200,1,Different form education behavior.,2025-01-15
804,30,1,Right career usually fund bad sign join follow.,2025-06-20
805,244,1,Story and back partner.,2025-08-08
806,80,1,Two between south seek person.,2025-10-13
807,218,1,Often before door response.,2025-03-10
808,205,1,Notice claim store within middle budget.,2025-02-23
809,48,1,Evidence likely able issue situation everybody power.,2025-08-21
810,256,1,Nothing yourself center degree.,2025-01-07
811,432,1,Past why far game home out administration.,2025-08-12
812,118,1,Stuff none fish admit.,2025-07-19
813,362,1,Success resource stock they standard.,2025-08-05
814,87,1,High official trouble activity peace weight.,2025-07-25
815,75,1,Southern bill great gas number last.,2025-07-23
816,224,1,Impact create music face actually move.,2025-01-07
817,239,1,Then include good painting push.,2025-05-15
818,23,1,Half south force full fight lot you.,2025-07-13
819,445,1,Under can summer action table.,2025-09-17
820,258,1,Short measure among fight find.,2025-01-04
821,132,1,Mean phone maybe what program economic.,2025-04-26
822,147,1,Policy ever though place should its.,2025-02-01
823,189,1,Loss technology natural summer early magazine too than.,2025-03-24
824,54,1,Road moment charge significant.,2025-01-23
825,212,1,Building simple almost political meeting half evidence arm.,2025-02-01
826,431,1,Even late college media nor professor fill.,2025-05-19
827,54,1,Learn response foreign.,2025-10-18
828,190,1,Democratic example color alone crime.,2025-09-09
829,35,1,Politics simply say fly thought mind realize.,2025-01-27
830,219,1,Level that information run method.,2025-09-04
831,438,1,Speech inside identify key other war.,2025-03-04
832,432,1,Action three hope stand group second huge.,2025-09-21
833,134,1,Way amount foreign wall.,2025-07-16
834,107,1,Throw wear value personal.,2025-02-17
835,444,1,Police car none property better yourself.,2025-04-24
836,432,1,Take address see plan animal admit need matter.,2025-01-06
837,281,1,Themselves style month sense with life.,2025-09-06
838,456,1,Community front car hotel relationship catch which.,2025-10-12
839,288,1,Art suddenly science world.,2025-04-03
840,161,1,Call writer individual wall charge.,2025-01-02
841,166,1,Step film sing choice truth police.,2025-05-26
842,28,1,Her certainly argue.,2025-05-30
843,264,1,Rest arm image help manager draw business peace.,2025-01-22
844,179,1,This have country.,2025-06-10
845,348,1,Feeling thought third trouble risk current.,2025-01-22
846,174,1,Evening leave major important defense.,2025-07-22
847,258,1,Feel nearly perform since why.,2025-05-31
848,319,1,Enjoy world spend even lay them arrive.,2025-01-09
849,411,1,Near middle main agreement now.,2025-02-02
850,293,1,Green hope run often yeah.,2025-08-03
851,389,1,Prevent group center social oil president city.,2025-01-14
852,99,1,Recognize culture off.,2025-01-29
853,16,1,Become question owner rule listen.,2025-08-01
854,167,1,Decision single I notice.,2025-03-29
855,116,1,Rate recent head politics certainly.,2025-04-23
856,251,1,Soldier land bed marriage data.,2025-08-30
857,30,1,Far floor guess individual.,2025-04-03
858,72,1,Personal almost share.,2025-08-11
859,454,1,Reach relationship long yourself school environmental each.,2025-07-08
860,146,1,Board position perform my.,2025-04-25
861,364,1,Dark operation seat accept well.,2025-03-08
862,485,1,Particularly ask bit.,2025-05-29
863,436,1,Talk plan meeting.,2025-09-24
864,86,1,Eye oil represent choice.,2025-07-30
865,73,1,Shake size law herself.,2025-09-04
866,399,1,Civil serious season.,2025-05-15
867,228,1,Record entire education degree newspaper husband.,2025-06-08
868,154,1,Enough should strong goal night a bit.,2025-07-24
869,470,1,Someone but between kitchen poor worker instead forward.,2025-09-22
870,424,1,Ever effort sport single affect.,2025-02-16
871,11,1,Finally space mouth several civil probably.,2025-03-24
872,415,1,Community sell manage card high.,2025-03-01
873,424,1,Nature theory agency too.,2025-03-29
874,331,1,Increase prepare whom section successful.,2025-10-09
875,329,1,Easy over store fly simply recently leader.,2025-08-31
876,434,1,Ready old face same involve customer suffer.,2025-02-17
877,230,1,Hit check end bag blue fill.,2025-06-10
878,202,1,Parent fly along situation issue.,2025-01-02
879,339,1,Occur today discover professional continue.,2025-08-31
880,308,1,Billion project employee indeed finish argue hour.,2025-04-26
881,452,1,Quite wish continue both room.,2025-03-10
882,43,1,Skill ahead management budget PM nation.,2025-09-13
883,410,1,Will pretty meet usually might model figure.,2025-08-10
884,1,1,New skin draw at near deal voice stuff.,2025-08-03
885,411,1,Interest glass speech story speech determine.,2025-10-12
886,102,1,Brother allow fear effect.,2025-03-08
887,286,1,Their rest whatever ball fine policy great.,2025-09-13
888,194,1,Glass audience goal chance southern hit.,2025-06-27
889,208,1,Bank look work early together bill.,2025-01-07
890,355,1,What allow society admit some top.,2025-04-01
891,27,1,Answer head population land.,2025-01-28
892,44,1,Movie late experience discuss.,2025-01-25
893,437,1,Memory bar partner through dark travel.,2025-02-16
894,313,1,Easy which trade listen sing approach.,2025-03-21
895,95,1,Author five population against degree though theory.,2025-06-02
896,200,1,Modern glass body Congress activity alone scene.,2025-07-27
897,354,1,Every may price such group begin.,2025-04-27
898,165,1,Time take total turn billion.,2025-05-07
899,306,1,Over market us executive billion memory catch.,2025-10-10
900,241,1,Enter power reach bad third pick.,2025-03-29
901,55,1,Under way within three.,2025-08-13
902,291,1,Sort physical man agent prepare moment.,2025-01-12
903,428,1,Because billion well talk.,2025-03-22
904,182,1,Foot career picture Congress develop.,2025-10-06
905,152,1,Discuss information hospital deal boy international moment.,2025-01-16
906,465,1,War cell indicate animal.,2025-01-18
907,443,1,Brother glass detail.,2025-05-22
908,193,1,Base card visit thus necessary second picture free.,2025-05-10
909,250,1,Field wear cost research weight.,2025-02-20
910,109,1,Choose claim interesting knowledge.,2025-02-06
911,91,1,Show let various world hand agree.,2025-08-12
912,162,1,Month participant however.,2025-05-31
913,187,1,Writer decade take though cold.,2025-07-14
914,298,1,Instead event beat minute standard strategy.,2025-07-15
915,394,1,Artist teach goal.,2025-07-19
916,377,1,Likely control hope hundred some detail.,2025-07-24
917,486,1,Series husband real moment although speak.,2025-06-26
918,170,1,Then begin teach management room already.,2025-01-03
919,273,1,Might reality later financial responsibility another no.,2025-01-29
920,179,1,Sense society sense sing turn.,2025-03-25
921,134,1,Feel glass later design range significant five.,2025-04-06
922,334,1,Rest audience throw among risk.,2025-08-29
923,34,1,Chance employee various drug.,2025-01-07
924,398,1,Why prove movement easy area determine human somebody.,2025-03-29
925,365,1,Major recognize top west.,2025-03-20
926,354,1,Law close reveal traditional couple.,2025-02-21
927,380,1,Summer stand sell whom sort score large very.,2025-10-13
928,156,1,Position fill tree green here skin.,2025-06-16
929,487,1,Respond mention long why.,2025-09-11
930,181,1,Wish here old your no view represent.,2025-06-20
931,367,1,Water authority free try.,2025-10-10
932,159,1,Pretty manager remember management.,2025-03-30
933,284,1,Crime suggest travel wind across page.,2025-10-18
934,177,1,Soon together whatever information evening room prepare.,2025-07-18
935,314,1,Rule shake long case because window risk.,2025-06-04
936,416,1,Senior interesting operation woman worry.,2025-02-05
937,356,1,Trial it later development college most use.,2025-03-10
938,249,1,Radio cover among much.,2025-08-07
939,271,1,Picture window require both else hear with population.,2025-06-27
940,140,1,Program artist report conference model step me.,2025-07-12
941,4,1,Result community able remember protect forget shoulder.,2025-08-05
942,474,1,Huge where themselves husband true lose.,2025-04-23
943,259,1,Democrat particularly article close then thing.,2025-07-27
944,316,1,Position model money force company read.,2025-07-01
945,60,1,True these realize factor.,2025-02-08
946,65,1,Church close senior remember sign right carry.,2025-07-21
947,206,1,South reveal suggest outside system goal.,2025-08-29
948,42,1,Recently decision friend suggest consumer visit bank.,2025-05-07
949,202,1,Soon sell move seek board certainly.,2025-09-11
950,118,1,Player how evening out particularly human show.,2025-03-16
951,149,1,Perhaps decide within turn.,2025-02-03
952,68,1,Down son report carry hear will.,2025-05-18
953,395,1,Under able firm civil really tend.,2025-01-28
954,332,1,Child per management after here give truth.,2025-01-23
955,153,1,Must field assume resource at.,2025-03-11
956,300,1,Quality whose me head yes book.,2025-09-27
957,314,1,Mean school statement exactly citizen.,2025-05-22
958,169,1,Reason sure stay power.,2025-07-29
959,387,1,Current person hold put.,2025-09-21
960,438,1,However serious present three those customer determine.,2025-08-08
961,34,1,Dinner beat light final Congress simply choose.,2025-05-14
962,188,1,Little page pass.,2025-03-21
963,419,1,Seem weight indicate data.,2025-05-29
964,120,1,Until return someone few challenge allow possible task.,2025-08-03
965,299,1,Put also should old daughter into natural.,2025-07-04
966,268,1,Grow character hope tax at current method page.,2025-06-14
967,478,1,Home if listen put animal sure.,2025-06-20
968,323,1,Girl shoulder may despite recently.,2025-05-03
969,478,1,Day point too herself part difficult become.,2025-01-10
970,382,1,Sell seek eye represent enough these.,2025-04-12
971,350,1,One clearly father operation.,2025-05-16
972,489,1,Fact growth town different culture.,2025-06-05
973,361,1,Send maybe its some industry water middle.,2025-06-13
974,304,1,Natural home building require special.,2025-07-14
975,100,1,Specific kid want own article here until.,2025-03-01
976,210,1,Sport hot tonight rate.,2025-06-08
977,143,1,Her no difficult get those son street.,2025-03-03
978,170,1,Become employee wonder camera interesting.,2025-10-01
979,410,1,Like look wait.,2025-04-23
980,241,1,Age single campaign.,2025-05-25
981,365,1,Too bank behavior sound want board.,2025-07-09
982,220,1,Door give shake so operation.,2025-07-26
983,409,1,Particularly line care work police remember fund until.,2025-05-07
984,361,1,Run minute us room similar.,2025-05-13
985,298,1,Never particularly hospital pattern.,2025-03-31
986,384,1,Product wide hour.,2025-08-09
987,479,1,Among fill water.,2025-10-04
988,297,1,Commercial remain them court never cup according.,2025-02-16
989,189,1,Beat know room woman.,2025-02-23
990,6,1,Over walk stop society.,2025-06-01
991,42,1,Not manager future time fish analysis.,2025-07-13
992,344,1,Community much throughout although.,2025-05-09
993,65,1,Not quite matter.,2025-01-04
994,349,1,None trial visit himself anyone top few.,2025-03-08
995,376,1,Scientist body interest news set any.,2025-08-13
996,242,1,Enough positive certain trouble.,2025-07-13
997,217,1,Term cold up hotel window bank note.,2025-04-02
998,345,1,All firm cup summer tonight.,2025-10-09
999,319,1,Ready like move my.,2025-02-15
1000,494,1,Choose serve field debate.,2025-07-02
1001,131,1,Never provide five place south no success even.,2025-06-01
1002,107,1,Throughout beautiful western explain cup receive sometimes.,2025-10-10
1003,341,1,Reason owner leave.,2025-08-15
1004,333,1,Seat second prepare us result.,2025-03-01
1005,26,1,Compare discover only national citizen final by sense.,2025-06-19
1006,432,1,Green guy notice attack.,2025-04-13
1007,301,1,Include suggest these rich.,2025-10-18
1008,248,1,Grow establish girl morning artist.,2025-02-07
1009,400,1,Their husband response later course actually.,2025-04-04
1010,17,1,Entire evidence must end whatever scientist value.,2025-08-28
1011,60,1,Fight prepare contain little eye.,2025-06-07
1012,225,1,Seek adult easy know because.,2025-05-05
1013,161,1,Successful parent customer maintain.,2025-03-06
1014,344,1,Behind part page.,2025-02-20
1015,439,1,End also but dream.,2025-03-14
1016,403,1,Other glass tend green.,2025-03-13
1017,475,1,It reach both party.,2025-03-11
1018,44,1,None use minute.,2025-03-19
1019,349,1,Chair class student can.,2025-03-31
1020,142,1,Material prove person goal now true.,2025-05-22
1021,379,1,Toward travel relationship major control population nothing.,2025-01-18
1022,462,1,Season none we trial reason receive down.,2025-04-10
1023,376,1,Admit produce look.,2025-07-11
1024,327,1,There hair Congress control most discuss.,2025-05-12
1025,481,1,Miss career read American institution teacher soldier.,2025-08-01
1026,327,1,Ago feeling life wife indicate.,2025-08-10
1027,396,1,Professor senior staff participant.,2025-06-24
1028,488,1,Glass do better past.,2025-01-23
1029,246,1,Before family beautiful adult kitchen.,2025-10-13
1030,294,1,Conference pass executive red director national.,2025-03-04
1031,318,1,Political century notice word as situation.,2025-05-26
1032,399,1,Tell since once morning fine.,2025-06-14
1033,321,1,Effect notice bank hot whether improve argue.,2025-08-23
1034,291,1,Audience happy impact list kid democratic organization under.,2025-06-05
1035,104,1,Board hear campaign contain beautiful fund better.,2025-03-21
1036,286,1,Poor model might show effect generation receive.,2025-05-04
1037,142,1,Provide always property natural alone sea attention.,2025-03-03
1038,44,1,Firm red very fund.,2025-01-08
1039,225,1,Board enjoy become western.,2025-06-26
1040,237,1,Simply travel war deal movement some.,2025-03-24
1041,302,1,Sea worker until side before since do.,2025-09-02
1042,284,1,Something least pretty point.,2025-03-19
1043,275,1,Security by Republican spring.,2025-09-01
1044,189,1,Person organization just son evening player because.,2025-01-21
1045,369,1,As everybody TV safe hand.,2025-06-21
1046,388,1,Popular stand poor street heart dream outside.,2025-06-28
1047,53,1,Cut arrive soldier Congress whether discover.,2025-02-24
1048,483,1,Piece power business soldier over practice short.,2025-01-08
1049,21,1,And decade gas box color.,2025-04-14
1050,105,1,Ago American research join appear design marriage key.,2025-09-23
1051,268,1,Loss book likely community finally hand.,2025-07-01
1052,64,1,Food beat peace memory unit probably likely.,2025-04-17
1053,275,1,Suddenly quality south single late.,2025-05-07
1054,346,1,Little something capital future.,2025-09-01
1055,84,1,Candidate item above pressure.,2025-05-05
1056,492,1,Investment door treatment single paper specific alone.,2025-06-20
1057,126,1,Many risk year source measure method.,2025-09-24
1058,404,1,Improve shoulder miss source.,2025-05-21
1059,427,1,Some positive job soon man soon hot real.,2025-04-12
1060,348,1,Shake common recognize know analysis.,2025-06-16
1061,144,1,True management fight require.,2025-02-14
1062,269,1,Understand what myself hard important you maybe.,2025-04-16
1063,377,1,Quality agent only area paper.,2025-05-18
1064,179,1,Position crime stay.,2025-07-31
1065,450,1,Mind Mr clear during.,2025-08-21
1066,142,1,His others it by today prepare.,2025-07-18
1067,71,1,Class lead more.,2025-01-27
1068,459,1,Forget walk test oil turn as.,2025-07-30
1069,404,1,Dark look effort leave.,2025-03-07
1070,403,1,Want scene experience particular guess.,2025-05-31
1071,95,1,Consumer strong continue.,2025-03-29
1072,323,1,Too go night fall tax final material.,2025-05-31
1073,195,1,Education perform treat month should unit various especially.,2025-03-06
1074,290,1,Understand upon rest summer since others.,2025-08-30
1075,396,1,Front figure choice whose for test.,2025-09-21
1076,204,1,Collection major dog leave.,2025-08-22
1077,208,1,These other this training thought.,2025-09-05
1078,149,1,Rule affect difficult suggest.,2025-09-30
1079,176,1,Blue world whole do relate.,2025-08-09
1080,314,1,Enter authority exactly everybody yes.,2025-03-10
1081,487,1,Relationship performance smile religious.,2025-02-11
1082,381,1,Fill Congress sing PM positive growth.,2025-09-29
1083,71,1,Make enjoy husband just play see field discover.,2025-08-01
1084,139,1,Different outside you resource up agreement.,2025-01-30
1085,425,1,Sign baby approach course some scientist.,2025-08-01
1086,341,1,Water practice imagine after.,2025-01-11
1087,12,1,Challenge program hospital air.,2025-04-09
1088,486,1,Become significant television resource life.,2025-06-06
1089,469,1,Whether southern care baby.,2025-02-04
1090,414,1,There all to recently.,2025-01-04
1091,118,1,Option understand surface fish.,2025-07-04
1092,390,1,Audience there behind open people.,2025-07-12
1093,309,1,Onto world federal finish authority party claim.,2025-06-23
1094,90,1,Enough agree I.,2025-09-03
1095,154,1,Hospital individual support card child region truth.,2025-06-04
1096,368,1,Out management him figure where get season.,2025-02-27
1097,375,1,Dark contain idea sing pull.,2025-04-10
1098,227,1,Data at again nor away perhaps sister.,2025-07-22
1099,300,1,Before happy generation small future yourself claim.,2025-02-25
1100,459,1,Push course cut them manager.,2025-07-10
1101,393,1,Drop whether economy machine be could with.,2025-04-02
1102,263,1,Space assume order team.,2025-02-23
1103,122,1,Sport treat nothing film.,2025-07-30
1104,327,1,Table alone sit pay peace study seem economic.,2025-07-04
1105,300,1,Key administration month ten art.,2025-09-03
1106,456,1,Own much evidence.,2025-02-02
1107,119,1,Sort big true general.,2025-01-30
1108,461,1,Magazine stock mission opportunity summer sister close.,2025-10-03
1109,452,1,Most sell test develop sell as.,2025-09-13
1110,289,1,Game development single alone trade sell it.,2025-10-02
1111,179,1,Power attorney thousand letter rather.,2025-08-27
1112,17,1,Modern remain someone none media.,2025-03-23
1113,454,1,Charge training trade yeah deal city.,2025-03-31
1114,97,1,Still almost protect use.,2025-07-28
1115,352,1,Again several oil today.,2025-06-28
1116,303,1,Pass join different foot.,2025-01-31
1117,450,1,Keep study century court magazine book.,2025-05-13
1118,96,1,Rock off enjoy.,2025-06-20
1119,367,1,House fish minute.,2025-07-05
1120,267,1,Join series audience piece peace.,2025-04-12
1121,187,1,National station scientist over value him.,2025-10-09
1122,292,1,All onto stop cell sister phone.,2025-05-01
1123,145,1,Growth voice case themselves last them me.,2025-10-09
1124,492,1,Region nearly rule especially.,2025-07-29
1125,144,1,Go must fund change partner.,2025-06-07
1126,197,1,Bill expert rock tend I firm line.,2025-01-10
1127,15,1,Name activity source candidate mean scene simply.,2025-10-10
1128,200,1,Argue attack go small key happy cost.,2025-02-19
1129,479,1,Rather central measure figure prevent.,2025-04-30
1130,325,1,Actually many these hold learn economic shake.,2025-01-20
1131,155,1,Recognize Democrat I standard sound put.,2025-06-30
1132,344,1,Region give grow record among during.,2025-02-03
1133,135,1,Bit me believe total east executive.,2025-04-02
1134,439,1,Yes increase company lot spend.,2025-04-28
1135,244,1,Sister growth represent clear line chair.,2025-07-23
1136,435,1,Everybody candidate improve case understand left international.,2025-07-08
1137,476,1,Card mean seem tend investment easy.,2025-05-20
1138,67,1,Window star travel speech never.,2025-04-17
1139,302,1,Once morning history tree.,2025-09-04
1140,286,1,Figure race north difficult develop number effect.,2025-05-21
1141,70,1,Fire PM worry race project goal concern.,2025-10-17
1142,494,1,Game control newspaper evening.,2025-04-24
1143,208,1,Edge final house add relationship no everyone.,2025-09-14
1144,407,1,She call indeed worry then be.,2025-10-01
1145,427,1,Class explain develop trouble quality official.,2025-07-15
1146,24,1,Enough paper help term.,2025-07-27
1147,187,1,Everything maintain perhaps camera turn agency food fast.,2025-07-13
1148,346,1,Company south month truth indeed any let present.,2025-01-24
1149,248,1,Director appear force each serve often she friend.,2025-06-29
1150,314,1,Wide down TV standard foreign sit last event.,2025-06-26
1151,31,1,Born trade management analysis.,2025-05-22
1152,219,1,Natural artist method high.,2025-10-15
1153,22,1,Authority despite sometimes available.,2025-03-19
1154,290,1,Short second so through but relationship.,2025-08-29
1155,142,1,Back community thousand test strategy she consumer.,2025-05-05
1156,211,1,Remember officer stop part.,2025-02-18
1157,310,1,He theory growth guy.,2025-07-18
1158,102,1,Sell article direction small.,2025-01-17
1159,329,1,Name seek good account sound for.,2025-04-11
1160,424,1,Subject find season job option forward man.,2025-08-20
1161,282,1,Hair call eye information.,2025-07-22
1162,291,1,South economic matter operation fast cold piece soldier.,2025-09-18
1163,187,1,Be increase event notice reality another.,2025-03-05
1164,427,1,Before throw share PM nation.,2025-10-11
1165,403,1,Then will perhaps describe half wonder unit.,2025-08-13
1166,463,1,Break effort partner number act.,2025-07-23
1167,398,1,Maybe pretty section wait tend.,2025-08-30
1168,499,1,Cultural either end fire successful positive.,2025-04-03
1169,353,1,Skin another us news start.,2025-10-09
1170,500,1,Per claim team.,2025-10-07
1171,406,1,Fire need no lead southern our century.,2025-06-17
1172,41,1,Thus project production.,2025-08-27
1173,452,1,Month concern source down environmental despite use own.,2025-06-19
1174,367,1,Range forward stock high few leg some.,2025-03-08
1175,30,1,Drop data account responsibility south.,2025-05-18
1176,493,1,Line town account.,2025-09-19
1177,192,1,Way almost realize situation protect building side training.,2025-05-29
1178,333,1,Change just tell might knowledge nor.,2025-05-30
1179,2,1,Safe actually market option project eye building.,2025-02-10
1180,346,1,Check return manage reason house director.,2025-08-17
1181,163,1,Seat scene production take.,2025-07-11
1182,199,1,Conference bed necessary whole region recent.,2025-01-06
1183,233,1,Time manager enjoy majority.,2025-09-04
1184,44,1,Management above way go face.,2025-09-28
1185,109,1,Nearly ask reduce others.,2025-01-27
1186,303,1,Station employee painting arrive tree fund.,2025-06-30
1187,63,1,Yet very moment loss.,2025-01-08
1188,315,1,Mother forget as while.,2025-06-05
1189,61,1,Available as radio modern environmental.,2025-04-30
1190,474,1,Sure peace agency development believe.,2025-06-17
1191,156,1,Many school teacher stock still suffer.,2025-06-08
1192,483,1,Avoid especially city site.,2025-08-16
1193,319,1,Pretty bad take entire idea.,2025-01-23
1194,329,1,Position physical whom partner suffer.,2025-02-22
1195,119,1,Our information interest them wear.,2025-07-12
1196,273,1,Service example represent investment newspaper.,2025-05-20
1197,138,1,How both each spring news.,2025-03-03
1198,371,1,Themselves discussion ask service then door.,2025-09-17
1199,239,1,Radio kid find national performance.,2025-01-26
1200,68,1,Different lot new act.,2025-07-17
1201,239,1,Ground third group together often turn own believe.,2025-04-17
1202,87,1,However machine walk fly defense.,2025-06-13
1203,113,1,Human card best page.,2025-09-04
1204,466,1,Including particularly put.,2025-02-12
1205,3,1,Speak approach describe least own possible of.,2025-08-30
1206,230,1,Material candidate outside three.,2025-04-12
1207,28,1,Pass still reach else save watch.,2025-02-10
1208,127,1,Card weight safe of be sing project.,2025-05-31
1209,24,1,List wrong task compare cup Congress all.,2025-04-23
1210,270,1,Cut audience appear positive age.,2025-09-19
1211,330,1,Natural development grow population.,2025-03-03
1212,269,1,Yes forward student such.,2025-03-31
1213,319,1,Where bring similar TV.,2025-05-08
1214,477,1,City sister tax protect simple generation.,2025-01-10
1215,231,1,Himself lot health.,2025-07-04
1216,330,1,Finally car first.,2025-01-12
1217,264,1,Rest attack beautiful suddenly maintain every Republican.,2025-04-07
1218,396,1,Along spring group make bit market growth sound.,2025-06-12
1219,57,1,Hospital money improve author let yes number.,2025-07-10
1220,227,1,Support main race.,2025-04-19
1221,418,1,Front meeting wish nearly resource often religious parent.,2025-05-26
1222,326,1,Than wife once democratic.,2025-07-17
1223,156,1,Here career air view television.,2025-09-29
1224,20,1,Success front hot reveal reason.,2025-09-28
1225,99,1,Agency response respond state finally.,2025-01-18
1226,285,1,Look here sell still recently mother skill effort.,2025-10-08
1227,283,1,Stop over save couple bring any option TV.,2025-05-23
1228,322,1,Still born during soldier.,2025-06-15
1229,356,1,I general at open marriage star early true.,2025-09-01
1230,294,1,Fund near very into.,2025-07-15
1231,132,1,Hour stuff they foreign short close these.,2025-04-17
1232,360,1,Once choose state wide upon.,2025-07-24
1233,101,1,Sure realize money kitchen sense.,2025-09-02
1234,221,1,Who argue able theory response class.,2025-05-07
1235,458,1,View light wear argue machine hair do American.,2025-07-30
1236,239,1,Provide meeting board among think only many type.,2025-07-11
1237,426,1,Single share arm price drop stay us.,2025-03-10
1238,460,1,Hour near behind simply value.,2025-06-18
1239,322,1,Moment entire purpose late.,2025-07-08
1240,449,1,Side room through professor maybe experience executive.,2025-10-13
1241,132,1,Station determine assume skill eight vote age.,2025-05-27
1242,143,1,Direction important lawyer these leader majority second.,2025-04-14
1243,155,1,Argue important with maybe.,2025-02-07
1244,415,1,White much trial book mouth.,2025-08-03
1245,425,1,Score wear professor much control speech seem.,2025-04-03
1246,414,1,Her every notice compare the stock determine.,2025-03-16
1247,58,1,Bit open about cell.,2025-08-14
1248,184,1,Executive cause other senior section.,2025-10-02
1249,246,1,Popular prove class prevent everyone.,2025-02-16
1250,318,1,Edge like people lose.,2025-04-19
1251,421,1,After open prepare only economic my.,2025-01-22
1252,389,1,Serious apply future spring behavior.,2025-08-03
1253,408,1,Situation police soon there.,2025-04-08
1254,143,1,Choice discuss Republican opportunity letter I.,2025-06-23
1255,430,1,Add hand rather environmental billion sea.,2025-06-30
1256,86,1,Certain case share discuss leave important reality.,2025-05-25
1257,382,1,Each where beautiful tonight age forward.,2025-08-10
1258,499,1,Cold all week PM region member test.,2025-08-27
1259,293,1,Leave bit job spend require pay face.,2025-09-05
1260,231,1,Perform million big job opportunity history evening assume.,2025-08-17
1261,391,1,Paper experience treatment hot.,2025-06-12
1262,411,1,Method no month establish state.,2025-08-26
1263,318,1,Draw eat space plan.,2025-03-12
1264,237,1,Fill actually city tonight policy respond direction.,2025-01-16
1265,499,1,Field around produce produce adult property heart.,2025-02-08
1266,101,1,Congress discussion kitchen year leader education former simple.,2025-03-09
1267,358,1,Here human decide fall.,2025-05-07
1268,249,1,Fire quality last face.,2025-08-13
1269,65,1,One green consider whole phone technology.,2025-09-17
1270,100,1,Unit pay Democrat cultural happen successful together.,2025-02-08
1271,128,1,Actually imagine American Mrs finally try dinner.,2025-09-18
1272,102,1,Candidate accept form safe but.,2025-01-22
1273,12,1,Believe people week skill.,2025-01-31
1274,202,1,Growth reality pressure ability clear accept idea result.,2025-06-21
1275,128,1,Tell can fine specific bad official carry.,2025-07-15
1276,260,1,Skin these agreement free notice.,2025-06-09
1277,364,1,Certainly production that exactly American method member.,2025-01-09
1278,60,1,Usually director fast art tax.,2025-05-04
1279,185,1,Provide part enjoy hear media.,2025-08-18
1280,111,1,Federal eat because table great great close drive.,2025-03-28
1281,231,1,Policy soon option recently ahead consumer company break.,2025-01-19
1282,334,1,Know property baby nation size even.,2025-01-17
1283,373,1,Protect argue girl particular around study especially.,2025-08-31
1284,177,1,Official reduce necessary college build break.,2025-07-12
1285,345,1,Hope author clearly phone upon.,2025-03-07
1286,394,1,Room herself development visit success watch data out.,2025-09-28
1287,460,1,Young level eat begin next enjoy wait.,2025-07-10
1288,283,1,Themselves upon country college.,2025-01-01
1289,154,1,Check field yet business until minute.,2025-08-07
1290,246,1,Always size open great cultural if assume.,2025-09-14
1291,217,1,Physical yes address.,2025-04-20
1292,167,1,Account now particular note wall no.,2025-07-04
1293,432,1,Voice car hard son anything.,2025-07-19
1294,475,1,Chance cup store finally number though.,2025-02-03
1295,407,1,Choice be institution six actually share center.,2025-09-22
1296,8,1,Lose police enjoy on many involve issue.,2025-03-16
1297,196,1,Relationship financial theory.,2025-02-11
1298,351,1,Support decide for glass into author.,2025-10-14
1299,7,1,System run rule whether certain billion.,2025-09-25
1300,459,1,Traditional sound allow real.,2025-06-06
1301,59,1,Suffer whose join level program opportunity method door.,2025-09-27
1302,17,1,Measure along of vote feel child.,2025-04-04
1303,364,1,A why city store individual action marriage.,2025-01-01
1304,199,1,Thus statement since see skill under.,2025-07-07
1305,317,1,National education trade friend.,2025-08-21
1306,435,1,Value toward appear north manager simple likely.,2025-03-23
1307,425,1,Support involve center piece bag remember.,2025-01-24
1308,474,1,Growth dog house force throughout.,2025-04-11
1309,22,1,View season college on very scientist prevent.,2025-08-18
1310,336,1,Exactly civil claim whatever.,2025-01-11
1311,361,1,Leg condition agreement gas skin discussion step.,2025-09-04
1312,370,1,Believe history development.,2025-01-21
1313,61,1,Actually down soldier teach sort hospital.,2025-07-11
1314,258,1,Catch indeed reduce away.,2025-05-25
1315,442,1,Probably election for with.,2025-08-25
1316,121,1,The respond wonder skill who.,2025-10-16
1317,59,1,Same seven movie rock skill image.,2025-04-13
1318,104,1,Population manager past low.,2025-05-03
1319,157,1,Participant lead town defense oil among.,2025-09-08
1320,155,1,Music address include too late land.,2025-05-06
1321,441,1,Likely something spend better stop real price.,2025-08-21
1322,174,1,Throughout clearly perhaps fine it pick crime.,2025-05-28
1323,250,1,Fight add give free agreement itself light.,2025-02-16
1324,444,1,Light live enough.,2025-08-09
1325,151,1,Clearly baby improve to.,2025-05-24
1326,195,1,Recognize go stop receive house spend true.,2025-02-23
1327,454,1,Decade even worry different.,2025-08-19
1328,3,1,Interview center production key interest hand.,2025-04-10
1329,256,1,Other court property throw visit give new respond.,2025-02-24
1330,87,1,Camera government election.,2025-02-14
1331,481,1,By turn price.,2025-05-05
1332,442,1,Life sign when TV guy.,2025-03-08
1333,329,1,You garden her true structure public.,2025-04-07
1334,248,1,Ever who church.,2025-01-03
1335,30,1,If easy arm you wear coach TV.,2025-07-30
1336,368,1,Forward opportunity himself fall never.,2025-09-17
1337,470,1,Day reason question become foreign matter.,2025-06-09
1338,201,1,Fine side upon put.,2025-06-29
1339,184,1,Chair whom country start maybe major store daughter.,2025-06-30
1340,171,1,Character benefit charge read first suggest against.,2025-02-01
1341,367,1,Value civil staff.,2025-06-03
1342,162,1,Painting Democrat anyone after seven hear sure.,2025-01-02
1343,266,1,Police thing effort beat affect address war.,2025-03-11
1344,309,1,Benefit box likely possible.,2025-06-27
1345,467,1,Kitchen left job play.,2025-08-29
1346,200,1,Authority pick everyone TV buy scene ahead.,2025-02-24
1347,66,1,How say structure where wife.,2025-04-11
1348,180,1,Least table candidate weight yet.,2025-01-20
1349,134,1,Window job rock good fear identify close might.,2025-01-06
1350,358,1,Must song lot answer culture finally.,2025-06-09
1351,57,1,Economic nice small green lose.,2025-02-10
1352,440,1,Tree same next.,2025-08-10
1353,274,1,Magazine perform around style.,2025-08-28
1354,367,1,Debate boy response so way.,2025-04-30
1355,167,1,Police send issue source test investment great.,2025-09-12
1356,225,1,Research very community performance reach.,2025-07-18
1357,464,1,Save off its great note.,2025-05-13
1358,402,1,Control generation listen.,2025-10-16
1359,90,1,Shake forget investment game.,2025-07-17
1360,247,1,Hair few paper he relate point record.,2025-03-01
1361,350,1,Pass plant level rather.,2025-03-19
1362,371,1,Particularly lead hotel single expert still help outside.,2025-01-30
1363,52,1,Actually fire agent add election realize until.,2025-03-29
1364,486,1,Center arm onto trouble.,2025-05-04
1365,141,1,Under type strong choose.,2025-04-21
1366,220,1,Boy growth vote degree upon.,2025-08-26
1367,13,1,End laugh green short.,2025-04-21
1368,112,1,Cold sign article present sure parent us much.,2025-01-26
1369,84,1,Low lead else school friend involve.,2025-01-28
1370,380,1,According election different three here too trial.,2025-10-10
1371,218,1,Later let billion perhaps upon trade sing despite.,2025-03-21
1372,416,1,Wife memory after improve.,2025-10-03
1373,220,1,Amount provide Republican around issue rest image follow.,2025-06-29
1374,417,1,Day official hear probably writer cause hospital.,2025-08-14
1375,487,1,Generation maintain view behind read current term prove.,2025-02-16
1376,329,1,Dog participant part voice easy go chair trouble.,2025-06-15
1377,221,1,Must anything phone report election.,2025-06-17
1378,310,1,Treat somebody task suddenly action.,2025-08-29
1379,425,1,Through magazine fight tough baby.,2025-06-25
1380,425,1,Something institution they school still paper.,2025-07-20
1381,153,1,Usually suddenly thousand everything enter dinner must.,2025-09-08
1382,23,1,Question natural pass daughter offer.,2025-08-20
1383,1,1,Mention low ever card type.,2025-01-14
1384,30,1,Clearly behind speak decide.,2025-05-09
1385,472,1,Husband rock conference argue trial.,2025-03-08
1386,287,1,Certain collection town put history.,2025-09-16
1387,472,1,Discover quite middle turn stop price contain.,2025-08-18
1388,418,1,Oil program most change dark quality case.,2025-04-10
1389,404,1,Town become enjoy world glass firm.,2025-04-01
1390,81,1,Professor sound Democrat cover around.,2025-03-19
1391,21,1,Information water anything series.,2025-08-14
1392,59,1,Authority local follow young machine bad.,2025-06-11
1393,98,1,Collection short deal small back off improve bag.,2025-02-23
1394,303,1,Positive feel PM control option.,2025-05-20
1395,378,1,Structure majority maybe necessary best mission stuff.,2025-06-04
1396,193,1,Garden write manager.,2025-01-07
1397,142,1,Across capital their.,2025-07-05
1398,406,1,Rather city often course light themselves treatment.,2025-02-01
1399,483,1,Population state before team body use.,2025-01-13
1400,205,1,Southern charge music energy take reflect can.,2025-02-03
1401,232,1,Yet training relate if.,2025-07-19
1402,144,1,Data decision north knowledge third thought.,2025-01-21
1403,217,1,Against line information year film exactly system.,2025-01-05
1404,267,1,Next area kitchen book although method theory.,2025-03-13
1405,133,1,Visit politics over heavy toward.,2025-07-02
1406,367,1,Which edge rock sport.,2025-05-09
1407,397,1,Agent least whatever guy bill.,2025-03-26
1408,238,1,Necessary threat American amount fine check popular.,2025-01-11
1409,162,1,Professor particularly central central whole.,2025-04-01
1410,280,1,School program fight.,2025-05-10
1411,428,1,More only but hospital after social.,2025-07-09
1412,493,1,Safe commercial policy need mission.,2025-08-24
1413,21,1,Growth trade design compare everybody there put.,2025-05-17
1414,380,1,House assume different memory like minute work value.,2025-03-14
1415,380,1,Support bad often something concern draw game federal.,2025-07-04
1416,39,1,Sister past now avoid assume outside fly voice.,2025-06-23
1417,199,1,Report message recently.,2025-09-29
1418,476,1,Federal himself own either.,2025-07-15
1419,271,1,Myself race pull party anyone effort.,2025-03-26
1420,479,1,Account Mr court although.,2025-04-23
1421,418,1,Growth also either of research table point.,2025-10-03
1422,86,1,Model list develop career audience reduce.,2025-02-14
1423,227,1,Sense military woman tonight something south.,2025-09-16
1424,174,1,Happen son improve assume.,2025-03-06
1425,455,1,Able energy several plant six its society.,2025-04-16
1426,420,1,Discover bank child.,2025-09-22
1427,170,1,Worry poor I sure maybe relate.,2025-08-13
1428,10,1,Skin attention allow dark mouth collection accept.,2025-04-05
1429,392,1,Public doctor tree only.,2025-08-09
1430,293,1,For another doctor I.,2025-07-25
1431,327,1,Maybe while campaign Democrat reveal little.,2025-09-06
1432,381,1,Especially her reality generation practice class.,2025-07-31
1433,386,1,East price owner inside national.,2025-04-09
1434,81,1,Those clearly ability.,2025-05-22
1435,97,1,According system turn majority son.,2025-07-04
1436,238,1,Explain past a.,2025-09-02
1437,232,1,Which field near word energy.,2025-05-06
1438,393,1,Degree each sometimes their follow nearly.,2025-06-08
1439,233,1,Treatment case thank cultural turn glass five despite.,2025-07-02
1440,460,1,Decision worker customer west.,2025-07-01
1441,297,1,Huge son point ever dog third necessary.,2025-01-03
1442,484,1,Order money sign successful figure operation large.,2025-01-21
1443,148,1,Push act we exactly.,2025-07-08
1444,190,1,Kitchen drive near here simple item same.,2025-09-18
1445,428,1,Room study operation attack.,2025-02-28
1446,226,1,Leader college put surface.,2025-10-18
1447,163,1,Before board according fly.,2025-10-18
1448,189,1,Memory teach word with.,2025-07-12
1449,32,1,Agreement her create race.,2025-04-23
1450,57,1,Whole trade total keep.,2025-08-31
1451,42,1,Now space try participant form evening.,2025-10-08
1452,143,1,Fill last visit.,2025-08-18
1453,286,1,Think remember recognize watch work character day.,2025-01-07
1454,297,1,Woman property red realize water share debate impact.,2025-05-15
1455,284,1,Sell do growth generation free church.,2025-06-12
1456,466,1,Science physical hotel so bad soon data.,2025-02-21
1457,346,1,Practice character wind.,2025-08-07
1458,440,1,Network evening visit each put.,2025-05-26
1459,348,1,Particularly draw particularly production.,2025-09-08
1460,215,1,Add trouble in receive heavy.,2025-07-19
1461,198,1,Debate knowledge miss oil.,2025-01-30
1462,269,1,Structure stand break clearly day.,2025-06-11
1463,71,1,Well and thus close.,2025-01-26
1464,497,1,Glass energy west day sell.,2025-09-18
1465,49,1,Top class stuff region.,2025-04-26
1466,81,1,Hundred station technology notice prove tend learn.,2025-08-08
1467,246,1,Soldier social short safe.,2025-03-22
1468,9,1,Thus he own care wall reduce material.,2025-05-14
1469,280,1,Religious study plan in.,2025-04-27
1470,407,1,Wall each beyond finally party.,2025-03-02
1471,439,1,Stage situation allow care decision.,2025-02-21
1472,174,1,Yourself choose expert three difference.,2025-09-25
1473,327,1,Detail reach none onto choice.,2025-09-20
1474,165,1,Plant old discover why anything.,2025-10-01
1475,229,1,Step eight career little dark people.,2025-06-13
1476,295,1,Leader car food personal above compare participant.,2025-01-13
1477,285,1,Dinner evidence star else sit ball.,2025-06-09
1478,439,1,Hand so realize radio then weight.,2025-05-02
1479,109,1,Hundred water full themselves.,2025-03-04
1480,138,1,List owner station court kind see.,2025-05-20
1481,86,1,Face scientist treatment assume.,2025-02-14
1482,112,1,Travel whom pull seem before anything.,2025-01-11
1483,322,1,Thought indicate follow hard foreign unit result.,2025-04-25
1484,58,1,Go may marriage upon catch.,2025-07-27
1485,299,1,Line each turn color officer size star manager.,2025-07-31
1486,25,1,Return TV bag.,2025-03-10
1487,228,1,Lose purpose require population college city.,2025-01-25
1488,420,1,Term one almost popular energy.,2025-04-11
1489,159,1,Herself maybe dog summer decide rest statement prepare.,2025-03-12
1490,378,1,While produce draw follow weight newspaper clearly anyone.,2025-01-29
1491,383,1,Hour watch happen floor place in.,2025-07-27
1492,458,1,Hard more walk job.,2025-06-14
1493,420,1,Blue include letter art item officer a.,2025-06-21
1494,34,1,Gun general enjoy single practice.,2025-08-03
1495,202,1,Matter message price bring full box protect.,2025-02-17
1496,216,1,Specific choose recognize.,2025-03-11
1497,269,1,Consumer idea hotel able throw me doctor.,2025-04-23
1498,128,1,Rich off month live significant population reflect expert.,2025-10-03
1499,176,1,Cut many education chance.,2025-09-04
1500,442,1,Sense artist through stuff worker.,2025-02-16
